Source,Target,weight
AT5G47220,AT1G32630,1
AT5G47220,AT1G08840,1
AT5G47220,AT1G14030,1
AT5G47220,AT1G16730,1
AT5G47220,AT1G21610,1
AT5G47220,AT1G31835,1
AT5G47220,AT1G33415,1
AT5G47220,AT1G52510,1
AT5G47220,AT1G55810,1
AT5G47220,AT1G60080,1
AT5G47220,AT1G61820,1
AT5G47220,AT1G75340,1
AT5G47220,AT2G03050,1
AT5G47220,AT2G24500,1
AT5G47220,AT2G32090,1
AT5G47220,AT2G35930,1
AT5G47220,AT2G41700,1
AT5G47220,AT2G46910,1
AT5G47220,AT3G01910,1
AT5G47220,AT3G12980,1
AT5G47220,AT3G22100,1
AT5G47220,AT3G23620,1
AT5G47220,AT3G45880,1
AT5G47220,AT3G49410,1
AT5G47220,AT3G62800,1
AT5G47220,AT3G63400,1
AT5G47220,AT4G00080,1
AT5G47220,AT4G00895,1
AT5G47220,AT4G08580,1
AT5G47220,AT4G16710,1
AT5G47220,AT4G17760,1
AT5G47220,AT4G21150,1
AT5G47220,AT4G24250,1
AT5G47220,AT4G27490,1
AT5G47220,AT4G28800,1
AT5G47220,AT4G29380,1
AT5G47220,AT4G31150,1
AT5G47220,AT4G33467,1
AT5G47220,AT5G01175,1
AT5G47220,AT5G02820,1
AT5G47220,AT5G05600,1
AT5G47220,AT5G07890,1
AT5G47220,AT5G43870,1
AT5G47220,AT5G48240,1
AT5G47220,AT5G53860,1
AT5G47220,AT5G59070,1
AT2G20180,AT1G03630,1
AT2G20180,AT1G03180,1
AT2G20180,AT1G06135,1
AT2G20180,AT1G08170,1
AT2G20180,AT3G46630,1
AT2G20180,AT3G01510,1
AT2G20180,AT1G15150,1
AT2G20180,AT1G15170,1
AT2G20180,AT1G15180,1
AT2G20180,AT1G16540,1
AT2G20180,AT1G19000,1
AT2G20180,AT5G61830,1
AT2G20180,AT1G19660,1
AT2G20180,AT1G20515,1
AT2G20180,AT1G21440,1
AT2G20180,AT1G22180,1
AT2G20180,AT1G22750,1
AT2G20180,AT1G24580,1
AT2G20180,AT1G30550,1
AT2G20180,AT1G31420,1
AT2G20180,AT1G03030,1
AT2G20180,AT3G23230,1
AT2G20180,AT1G52220,1
AT2G20180,AT1G54500,1
AT2G20180,AT2G30570,1
AT2G20180,AT5G02880,1
AT2G20180,AT1G60600,1
AT2G20180,AT1G69800,1
AT2G20180,AT1G70580,1
AT2G20180,AT1G72100,1
AT2G20180,AT1G72820,1
AT2G20180,AT1G73120,1
AT2G20180,AT1G74320,1
AT2G20180,AT5G04460,1
AT2G20180,AT1G77000,1
AT2G20180,AT1G78510,1
AT2G20180,AT1G78900,1
AT2G20180,AT5G11090,1
AT2G20180,AT2G34620,1
AT2G20180,AT2G36270,1
AT2G20180,AT2G36895,1
AT2G20180,AT2G37480,1
AT2G20180,AT2G37750,1
AT2G20180,AT2G43140,1
AT2G20180,AT2G43480,1
AT2G20180,AT2G46700,1
AT2G20180,AT3G50240,1
AT2G20180,AT3G01990,1
AT2G20180,AT3G04210,1
AT2G20180,AT3G63060,1
AT2G20180,AT3G07390,1
AT2G20180,AT4G31115,1
AT2G20180,AT3G12320,1
AT2G20180,AT3G13980,1
AT2G20180,AT3G14330,1
AT2G20180,AT3G21870,1
AT2G20180,AT3G21055,1
AT2G20180,AT3G29575,1
AT2G20180,AT3G50060,1
AT2G20180,AT3G51830,1
AT2G20180,AT3G53180,1
AT2G20180,AT3G54890,1
AT2G20180,AT3G56010,1
AT2G20180,AT3G59820,1
AT2G20180,AT5G48610,1
AT2G20180,AT4G00490,1
AT2G20180,AT4G00850,1
AT2G20180,AT4G01883,1
AT2G20180,AT5G46870,1
AT2G20180,AT4G16160,1
AT2G20180,AT5G17300,1
AT2G20180,AT1G23310,1
AT2G20180,AT4G17560,1
AT2G20180,AT4G18520,1
AT2G20180,AT4G24100,1
AT2G20180,AT4G25130,1
AT2G20180,AT4G25450,1
AT2G20180,AT5G64710,1
AT2G20180,AT4G25580,1
AT2G20180,AT4G28290,1
AT2G20180,AT5G23120,1
AT2G20180,AT4G38950,1
AT2G20180,AT4G40010,1
AT2G20180,AT5G01530,1
AT2G20180,AT5G04250,1
AT2G20180,AT3G19800,1
AT2G20180,AT5G05965,1
AT2G20180,AT5G12840,1
AT2G20180,AT5G13650,1
AT2G20180,AT5G16800,1
AT2G20180,AT5G18670,1
AT2G20180,AT5G66570,1
AT2G20180,AT5G26600,1
AT2G20180,AT5G38520,1
AT2G20180,AT5G50300,1
AT2G20180,AT5G51990,1
AT2G20180,AT5G57610,1
AT2G20180,AT5G24155,1
AT2G20180,AT1G05360,1
AT5G67580,AT1G03530,1
AT5G67580,AT1G10270,1
AT5G67580,AT1G13870,1
AT5G67580,AT1G16800,1
AT5G67580,AT1G23410,1
AT5G67580,AT1G26900,1
AT5G67580,AT1G36310,1
AT5G67580,AT1G56110,1
AT5G67580,AT1G64600,1
AT5G67580,AT1G65030,1
AT5G67580,AT1G72820,1
AT5G67580,AT1G77390,1
AT5G67580,AT1G77570,1
AT5G67580,AT2G05120,1
AT5G67580,AT2G33090,1
AT5G67580,AT2G34210,1
AT5G67580,AT2G34570,1
AT5G67580,AT2G34900,1
AT5G67580,AT2G45970,1
AT5G67580,AT2G47110,1
AT5G67580,AT2G47990,1
AT5G67580,AT3G06530,1
AT5G67580,AT3G07050,1
AT5G67580,AT3G22700,1
AT5G67580,AT3G46950,1
AT5G67580,AT3G55485,1
AT5G67580,AT3G56990,1
AT5G67580,AT3G59630,1
AT5G67580,AT3G62840,1
AT5G67580,AT4G05400,1
AT5G67580,AT4G10620,1
AT5G67580,AT4G12750,1
AT5G67580,AT4G14560,1
AT5G67580,AT4G15640,1
AT5G67580,AT4G26795,1
AT5G67580,AT4G31150,1
AT5G67580,AT5G65860,1
AT5G67580,AT5G06000,1
AT5G67580,AT5G07310,1
AT5G67580,AT5G24840,1
AT5G67580,AT5G26110,1
AT5G67580,AT5G52100,1
AT5G67580,AT5G54910,1
AT5G67580,AT5G62160,1
AT5G07310,AT1G08840,1
AT5G07310,AT5G54600,1
AT5G07310,AT1G14030,1
AT5G07310,AT1G21610,1
AT5G07310,AT1G48580,1
AT5G07310,AT5G48390,1
AT5G07310,AT1G31360,1
AT5G07310,AT5G56900,1
AT5G07310,AT1G55810,1
AT5G07310,AT1G56180,1
AT5G07310,AT1G60080,1
AT5G07310,AT4G14870,1
AT5G07310,AT3G21755,1
AT5G07310,AT1G75340,1
AT5G07310,AT2G24500,1
AT5G07310,AT2G31920,1
AT5G07310,AT5G01920,1
AT5G07310,AT2G46910,1
AT5G07310,AT3G17300,1
AT5G07310,AT4G32350,1
AT5G07310,AT3G29360,1
AT5G07310,AT3G45880,1
AT5G07310,AT3G49410,1
AT5G07310,AT5G61350,1
AT5G07310,AT3G56570,1
AT5G07310,AT3G58660,1
AT5G07310,AT3G61070,1
AT5G07310,AT3G62800,1
AT5G07310,AT4G00895,1
AT5G07310,AT4G01037,1
AT5G07310,AT4G13500,1
AT5G07310,AT4G21926,1
AT5G07310,AT4G24250,1
AT5G07310,AT5G42630,1
AT5G07310,AT4G27490,1
AT5G07310,AT4G28310,1
AT5G07310,AT4G28550,1
AT5G07310,AT4G30845,1
AT5G07310,AT4G31150,1
AT5G07310,AT4G33467,1
AT5G07310,AT4G37670,1
AT5G07310,AT5G09690,1
AT5G07310,AT5G47430,1
AT5G07310,AT5G50240,1
AT5G07310,AT5G58250,1
AT5G07310,AT5G59070,1
AT5G07310,AT5G67300,1
AT3G23220,AT1G03540,1
AT3G23220,AT3G07050,1
AT3G23220,AT1G16445,1
AT3G23220,AT1G17665,1
AT3G23220,AT1G19960,1
AT3G23220,AT1G20060,1
AT3G23220,AT1G21528,1
AT3G23220,AT1G57650,1
AT3G23220,AT1G49540,1
AT3G23220,AT1G56180,1
AT3G23220,AT1G56220,1
AT3G23220,AT1G71140,1
AT3G23220,AT3G44400,1
AT3G23220,AT1G79790,1
AT3G23220,AT1G80060,1
AT3G23220,AT2G03060,1
AT3G23220,AT2G17850,1
AT3G23220,AT2G21950,1
AT3G23220,AT2G35050,1
AT3G23220,AT3G14075,1
AT3G23220,AT2G46860,1
AT3G23220,AT3G01540,1
AT3G23220,AT3G04350,1
AT3G23220,AT3G06960,1
AT3G23220,AT3G09660,1
AT3G23220,AT3G09730,1
AT3G23220,AT3G10060,1
AT3G23220,AT3G10680,1
AT3G23220,AT3G16150,1
AT3G23220,AT3G17250,1
AT3G23220,AT5G42770,1
AT3G23220,AT3G49400,1
AT3G23220,AT3G57570,1
AT3G23220,AT3G61010,1
AT3G23220,AT3G63130,1
AT3G23220,AT4G06746,1
AT3G23220,AT4G16400,1
AT3G23220,AT4G17760,1
AT3G23220,AT4G18240,1
AT3G23220,AT1G27420,1
AT3G23220,AT5G01175,1
AT3G23220,AT5G06120,1
AT3G23220,AT5G06290,1
AT3G23220,AT1G21313,1
AT3G23220,AT4G09695,1
AT3G23220,AT5G42110,1
AT3G23220,AT1G10320,1
AT3G23220,AT5G51120,1
AT3G23220,AT5G53010,1
AT3G23220,AT5G55600,1
AT3G23220,AT5G58240,1
AT3G23220,AT5G64750,1
AT5G47390,AT1G01240,1
AT5G47390,AT1G19660,1
AT5G47390,AT1G78830,1
AT5G47390,AT2G03310,1
AT5G47390,AT2G42190,1
AT5G47390,AT3G05090,1
AT5G47390,AT3G09210,1
AT5G47390,AT3G17770,1
AT5G47390,AT3G20680,1
AT5G47390,AT3G26740,1
AT5G47390,AT3G48500,1
AT5G47390,AT3G56910,1
AT5G47390,AT4G09040,1
AT5G47390,AT4G19100,1
AT5G47390,AT4G26555,1
AT5G47390,AT4G36670,1
AT5G47390,AT5G18860,1
AT5G47390,AT4G21510,1
AT1G19000,AT2G17033,1
AT1G19000,AT1G49200,1
AT1G19000,AT1G45230,1
AT1G19000,AT2G32500,1
AT1G19000,AT1G70270,1
AT1G19000,AT2G24550,1
AT1G19000,AT3G03660,1
AT1G19000,AT3G19800,1
AT1G19000,AT3G52150,1
AT1G19000,AT3G15770,1
AT1G19000,AT4G17740,1
AT1G19000,AT4G38870,1
AT1G19000,AT5G10710,1
AT1G19000,AT5G56100,1
AT1G19000,AT5G61590,1
AT5G61620,AT2G24550,1
AT5G61620,AT2G37750,1
AT5G61620,AT3G23710,1
AT5G61620,AT5G38020,1
AT5G61620,AT4G17740,1
AT5G61620,AT5G56100,1
AT5G61620,AT5G61590,1
AT1G74840,AT3G21390,1
AT1G74840,AT4G27130,1
AT1G74840,AT5G65720,1
AT1G74840,AT5G18620,1
AT1G74840,AT5G53320,1
AT1G74840,AT1G74370,1
AT1G74840,AT5G64460,1
AT1G74840,AT2G03060,1
AT1G74840,AT3G16500,1
AT1G74840,AT4G39830,1
AT1G74840,AT4G05390,1
AT1G74840,AT1G13480,1
AT1G74840,AT4G17740,1
AT1G74840,AT1G29640,1
AT1G74840,AT3G21055,1
AT1G74840,AT3G17712,1
AT1G22810,AT1G04945,1
AT1G22810,AT4G09695,1
AT1G22810,AT1G20693,1
AT1G22810,AT1G23970,1
AT1G22810,AT1G57650,1
AT1G22810,AT2G45930,1
AT1G22810,AT1G52890,1
AT1G22810,AT1G53780,1
AT1G22810,AT2G24545,1
AT1G22810,AT1G68920,1
AT1G22810,AT1G71490,1
AT1G22810,AT1G80060,1
AT1G22810,AT2G02860,1
AT1G22810,AT2G17020,1
AT1G22810,AT5G06120,1
AT1G22810,AT4G13860,1
AT1G22810,AT3G10280,1
AT1G22810,AT3G10680,1
AT1G22810,AT3G17250,1
AT1G22810,AT2G32130,1
AT1G22810,AT5G14030,1
AT1G22810,AT1G21528,1
AT1G22810,AT3G22415,1
AT1G22810,AT3G44400,1
AT1G22810,AT2G46610,1
AT1G22810,AT1G50900,1
AT1G22810,AT3G52140,1
AT1G22810,AT4G03540,1
AT1G22810,AT4G16400,1
AT1G22810,AT2G40460,1
AT1G22810,AT4G28550,1
AT1G22810,AT5G06290,1
AT1G22810,AT5G18570,1
AT1G22810,AT5G28750,1
AT1G22810,AT3G21660,1
AT1G22810,AT5G42110,1
AT1G22810,AT5G42900,1
AT1G22810,AT5G45095,1
AT1G22810,AT5G58240,1
AT1G22810,AT5G61620,1
AT1G77640,AT1G04945,1
AT1G77640,AT1G45015,1
AT1G77640,AT1G54890,1
AT1G77640,AT1G68920,1
AT1G77640,AT1G75860,1
AT1G77640,AT2G02860,1
AT1G77640,AT2G18450,1
AT1G77640,AT2G34300,1
AT1G77640,AT2G38360,1
AT1G77640,AT3G17250,1
AT1G77640,AT3G24840,1
AT1G77640,AT3G51075,1
AT1G77640,AT3G63120,1
AT1G77640,AT4G03540,1
AT1G77640,AT4G18030,1
AT1G77640,AT4G32350,1
AT1G77640,AT5G06120,1
AT1G77640,AT5G06290,1
AT1G77640,AT5G66240,1
AT3G11020,AT1G54890,1
AT3G11020,AT1G79660,1
AT3G11020,AT1G79790,1
AT3G11020,AT2G02860,1
AT3G11020,AT2G32320,1
AT3G11020,AT2G42320,1
AT3G11020,AT3G05250,1
AT3G11020,AT4G03540,1
AT3G11020,AT4G25520,1
AT3G11020,AT5G06120,1
AT3G11020,AT5G54860,1
AT1G77200,AT1G10090,1
AT1G77200,AT2G40400,1
AT1G77200,AT1G52630,1
AT1G77200,AT1G74370,1
AT1G77200,AT2G22450,1
AT1G77200,AT2G24820,1
AT1G77200,AT2G37580,1
AT1G77200,AT2G41870,1
AT1G77200,AT2G42320,1
AT1G77200,AT2G45460,1
AT1G77200,AT2G46520,1
AT1G77200,AT2G47070,1
AT1G77200,AT3G15630,1
AT1G77200,AT3G18740,1
AT1G77200,AT3G50760,1
AT1G77200,AT3G53620,1
AT1G77200,AT3G57780,1
AT1G77200,AT4G02570,1
AT1G77200,AT4G13110,1
AT1G77200,AT1G70700,1
AT1G77200,AT5G01740,1
AT1G77200,AT5G50720,1
AT3G60490,AT2G38360,1
AT3G60490,AT2G42320,1
AT3G60490,AT3G06770,1
AT3G60490,AT3G30460,1
AT3G60490,AT3G58790,1
AT3G60490,AT4G18030,1
AT3G60490,AT4G33960,1
AT3G60490,AT5G44130,1
AT4G32800,AT1G05860,1
AT4G32800,AT1G52630,1
AT4G32800,AT1G74370,1
AT4G32800,AT2G20370,1
AT4G32800,AT2G22450,1
AT4G32800,AT2G42320,1
AT4G32800,AT2G45460,1
AT4G32800,AT2G47070,1
AT4G32800,AT3G53620,1
AT4G32800,AT3G57780,1
AT4G32800,AT4G36010,1
AT4G32800,AT5G01740,1
AT4G32800,AT5G40540,1
AT5G25810,AT1G05860,1
AT5G25810,AT1G10090,1
AT5G25810,AT1G25145,1
AT5G25810,AT1G52630,1
AT5G25810,AT1G74370,1
AT5G25810,AT2G20370,1
AT5G25810,AT2G22450,1
AT5G25810,AT2G31010,1
AT5G25810,AT2G35930,1
AT5G25810,AT2G42320,1
AT5G25810,AT2G45460,1
AT5G25810,AT3G18740,1
AT5G25810,AT3G50760,1
AT5G25810,AT3G53620,1
AT5G25810,AT3G57780,1
AT5G25810,AT4G02570,1
AT5G25810,AT4G11050,1
AT5G25810,AT5G01175,1
AT5G25810,AT5G01740,1
AT5G25810,AT5G13200,1
AT5G25810,AT5G40540,1
AT5G25810,AT5G50720,1
AT5G25810,AT5G58140,1
AT5G51990,AT1G13860,1
AT5G51990,AT2G32270,1
AT5G51990,AT1G29395,1
AT5G51990,AT1G51090,1
AT5G51990,AT1G60790,1
AT5G51990,AT1G64760,1
AT5G51990,AT1G70640,1
AT5G51990,AT1G79660,1
AT5G51990,AT2G42320,1
AT5G51990,AT4G32350,1
AT5G51990,AT3G22070,1
AT5G51990,AT5G39410,1
AT4G25480,AT1G10090,1
AT4G25480,AT1G65450,1
AT4G25480,AT1G74370,1
AT4G25480,AT1G22065,1
AT4G25480,AT2G20370,1
AT4G25480,AT2G23120,1
AT4G25480,AT2G42320,1
AT4G25480,AT2G43620,1
AT4G25480,AT2G47850,1
AT4G25480,AT3G05905,1
AT4G25480,AT3G12490,1
AT4G25480,AT3G18740,1
AT4G25480,AT3G57780,1
AT4G25480,AT4G13990,1
AT4G25480,AT4G36010,1
AT4G25480,AT5G07920,1
AT4G25480,AT5G13200,1
AT4G25480,AT5G15970,1
AT4G25480,AT5G65613,1
AT4G25480,AT5G50720,1
AT2G44940,AT1G29290,1
AT2G44940,AT1G54890,1
AT2G44940,AT1G79790,1
AT2G44940,AT2G02860,1
AT2G44940,AT2G34300,1
AT2G44940,AT2G42320,1
AT2G44940,AT3G06770,1
AT2G44940,AT1G78570,1
AT2G44940,AT3G30460,1
AT2G44940,AT3G58790,1
AT2G44940,AT4G18030,1
AT2G44940,AT4G28550,1
AT2G44940,AT4G32350,1
AT4G25470,AT1G10090,1
AT4G25470,AT1G53200,1
AT4G25470,AT1G64770,1
AT4G25470,AT1G65450,1
AT4G25470,AT1G71950,1
AT4G25470,AT2G23120,1
AT4G25470,AT2G43620,1
AT4G25470,AT3G05905,1
AT4G25470,AT3G12490,1
AT4G25470,AT3G19830,1
AT4G25470,AT4G13990,1
AT4G25470,AT4G32190,1
AT4G25470,AT5G15970,1
AT4G25470,AT5G57510,1
AT4G25470,AT5G50720,1
AT2G23340,AT1G29290,1
AT2G23340,AT1G54890,1
AT2G23340,AT1G61340,1
AT2G23340,AT2G02860,1
AT2G23340,AT2G20370,1
AT2G23340,AT3G06770,1
AT2G23340,AT3G15390,1
AT2G23340,AT3G30460,1
AT2G23340,AT3G51075,1
AT2G23340,AT4G01026,1
AT2G23340,AT4G25520,1
AT2G23340,AT4G35720,1
AT4G25490,AT1G10090,1
AT4G25490,AT1G64770,1
AT4G25490,AT2G20370,1
AT4G25490,AT2G23120,1
AT4G25490,AT2G24820,1
AT4G25490,AT2G22450,1
AT4G25490,AT2G42320,1
AT4G25490,AT2G42520,1
AT4G25490,AT3G05905,1
AT4G25490,AT3G12490,1
AT4G25490,AT4G02570,1
AT4G25490,AT4G11050,1
AT4G25490,AT4G13110,1
AT4G25490,AT4G13990,1
AT4G25490,AT4G22130,1
AT4G25490,AT5G11790,1
AT4G25490,AT5G65860,1
AT4G25490,AT5G13200,1
AT4G25490,AT5G15970,1
AT4G25490,AT5G23150,1
AT4G25490,AT5G57510,1
AT4G25490,AT1G25425,1
AT4G25490,AT5G50720,1
AT4G25490,AT5G06865,1
AT4G06746,AT1G04130,1
AT4G06746,AT2G35930,1
AT4G06746,AT2G42320,1
AT4G06746,AT2G45460,1
AT4G06746,AT2G47070,1
AT4G06746,AT3G12980,1
AT4G06746,AT3G15370,1
AT4G06746,AT3G19830,1
AT4G06746,AT3G57780,1
AT4G06746,AT4G13110,1
AT4G06746,AT4G36010,1
AT4G06746,AT5G01740,1
AT4G06746,AT5G51260,1
AT4G06746,AT5G56880,1
AT1G46768,AT1G07160,1
AT1G46768,AT5G08280,1
AT1G46768,AT1G29290,1
AT1G46768,AT1G12030,1
AT1G46768,AT1G79790,1
AT1G46768,AT1G74370,1
AT1G46768,AT2G02860,1
AT1G46768,AT1G15150,1
AT1G46768,AT2G34300,1
AT1G46768,AT1G71850,1
AT1G46768,AT2G44990,1
AT1G46768,AT5G10320,1
AT1G46768,AT3G10280,1
AT1G46768,AT3G10680,1
AT1G46768,AT3G14120,1
AT1G46768,AT1G78570,1
AT1G46768,AT3G51075,1
AT1G46768,AT4G06746,1
AT1G46768,AT3G51600,1
AT1G46768,AT4G18240,1
AT1G46768,AT1G18270,1
AT1G46768,AT4G25520,1
AT1G46768,AT3G06960,1
AT1G46768,AT3G59630,1
AT1G46768,AT5G06290,1
AT1G46768,AT5G01175,1
AT1G46768,AT1G56180,1
AT1G46768,AT3G05650,1
AT1G46768,AT5G54860,1
AT1G46768,AT1G61575,1
AT2G35700,AT1G18270,1
AT2G35700,AT1G29290,1
AT2G35700,AT2G02860,1
AT2G35700,AT3G51750,1
AT2G35700,AT4G18240,1
AT2G35700,AT5G54860,1
AT5G13910,AT1G02870,1
AT5G13910,AT1G07119,1
AT5G13910,AT1G08840,1
AT5G13910,AT1G21610,1
AT5G13910,AT1G25145,1
AT5G13910,AT1G30850,1
AT5G13910,AT1G31360,1
AT5G13910,AT5G56900,1
AT5G13910,AT1G49620,1
AT5G13910,AT1G55810,1
AT5G13910,AT1G56180,1
AT5G13910,AT1G60080,1
AT5G13910,AT1G75340,1
AT5G13910,AT1G48580,1
AT5G13910,AT1G79830,1
AT5G13910,AT1G64940,1
AT5G13910,AT2G31920,1
AT5G13910,AT2G32090,1
AT5G13910,AT2G35140,1
AT5G13910,AT2G35930,1
AT5G13910,AT2G41950,1
AT5G13910,AT3G01910,1
AT5G13910,AT5G18550,1
AT5G13910,AT3G18740,1
AT5G13910,AT3G29360,1
AT5G13910,AT3G45880,1
AT5G13910,AT3G49410,1
AT5G13910,AT3G56570,1
AT5G13910,AT3G58660,1
AT5G13910,AT3G61070,1
AT5G13910,AT3G62800,1
AT5G13910,AT4G00080,1
AT5G13910,AT4G00895,1
AT5G13910,AT4G01037,1
AT5G13910,AT4G16710,1
AT5G13910,AT4G18440,1
AT5G13910,AT4G21150,1
AT5G13910,AT4G24250,1
AT5G13910,AT4G27490,1
AT5G13910,AT4G29310,1
AT5G13910,AT4G29380,1
AT5G13910,AT4G30845,1
AT5G13910,AT4G31150,1
AT5G13910,AT4G32350,1
AT5G13910,AT5G02820,1
AT5G13910,AT5G05670,1
AT5G13910,AT5G06550,1
AT5G13910,AT5G20920,1
AT5G13910,AT5G44160,1
AT5G13910,AT5G47430,1
AT5G13910,AT5G50240,1
AT5G13910,AT5G52780,1
AT5G13910,AT5G53860,1
AT5G13910,AT5G58250,1
AT5G13910,AT5G59750,1
AT5G13910,AT5G63550,1
AT5G13910,AT5G67190,1
AT5G13910,AT5G67300,1
AT1G53910,AT1G03070,1
AT1G53910,AT1G03540,1
AT1G53910,AT1G03905,1
AT1G53910,AT1G21528,1
AT1G53910,AT1G23410,1
AT1G53910,AT1G56180,1
AT1G53910,AT1G71140,1
AT1G53910,AT1G75210,1
AT1G53910,AT1G79790,1
AT1G53910,AT2G22250,1
AT1G53910,AT2G32250,1
AT1G53910,AT2G35050,1
AT1G53910,AT3G09660,1
AT1G53910,AT3G10680,1
AT1G53910,AT3G11900,1
AT1G53910,AT3G49400,1
AT1G53910,AT3G53570,1
AT1G53910,AT3G57570,1
AT1G53910,AT4G38160,1
AT1G53910,AT5G06120,1
AT1G53910,AT5G06290,1
AT1G53910,AT5G20370,1
AT1G53910,AT5G42770,1
AT1G53910,AT5G55600,1
AT1G53910,AT5G58240,1
AT1G53910,AT5G64750,1
AT1G53910,AT5G66240,1
AT4G27950,AT1G07119,1
AT4G27950,AT1G08840,1
AT4G27950,AT1G11000,1
AT4G27950,AT1G18460,1
AT4G27950,AT1G19740,1
AT4G27950,AT1G21610,1
AT4G27950,AT1G25145,1
AT4G27950,AT1G31360,1
AT4G27950,AT1G32630,1
AT4G27950,AT1G50440,1
AT4G27950,AT1G55810,1
AT4G27950,AT1G56180,1
AT4G27950,AT1G60080,1
AT4G27950,AT1G69252,1
AT4G27950,AT2G17970,1
AT4G27950,AT2G32090,1
AT4G27950,AT2G35930,1
AT4G27950,AT2G41950,1
AT4G27950,AT2G44670,1
AT4G27950,AT2G46910,1
AT4G27950,AT3G18740,1
AT4G27950,AT3G29360,1
AT4G27950,AT3G49410,1
AT4G27950,AT3G56570,1
AT4G27950,AT3G61070,1
AT4G27950,AT3G62800,1
AT4G27950,AT4G00895,1
AT4G27950,AT4G16710,1
AT4G27950,AT4G21150,1
AT4G27950,AT4G24250,1
AT4G27950,AT4G24470,1
AT4G27950,AT4G27490,1
AT4G27950,AT4G29380,1
AT4G27950,AT4G30845,1
AT4G27950,AT4G31150,1
AT4G27950,AT4G33700,1
AT4G27950,AT4G36110,1
AT4G27950,AT5G02820,1
AT4G27950,AT5G05380,1
AT4G27950,AT5G28750,1
AT4G27950,AT5G44160,1
AT4G27950,AT5G45140,1
AT4G27950,AT5G45580,1
AT4G27950,AT5G48390,1
AT4G27950,AT5G50240,1
AT4G27950,AT5G53860,1
AT4G27950,AT5G58250,1
AT4G27950,AT5G58240,1
AT4G27950,AT5G59750,1
AT4G27950,AT5G63550,1
AT4G27950,AT5G67190,1
AT4G27950,AT5G67300,1
AT5G44210,AT1G01940,1
AT5G44210,AT1G04945,1
AT5G44210,AT1G21528,1
AT5G44210,AT1G23410,1
AT5G44210,AT1G25240,1
AT5G44210,AT1G29390,1
AT5G44210,AT1G56190,1
AT5G44210,AT1G56180,1
AT5G44210,AT1G75210,1
AT5G44210,AT1G77410,1
AT5G44210,AT2G22250,1
AT5G44210,AT2G27400,1
AT5G44210,AT2G35050,1
AT5G44210,AT2G43190,1
AT5G44210,AT2G45860,1
AT5G44210,AT3G04350,1
AT5G44210,AT3G06570,1
AT5G44210,AT3G09660,1
AT5G44210,AT3G09730,1
AT5G44210,AT3G09960,1
AT5G44210,AT3G10060,1
AT5G44210,AT3G10680,1
AT5G44210,AT3G17250,1
AT5G44210,AT3G49400,1
AT5G44210,AT3G52140,1
AT5G44210,AT3G53570,1
AT5G44210,AT3G57570,1
AT5G44210,AT3G61010,1
AT5G44210,AT4G03540,1
AT5G44210,AT4G27010,1
AT5G44210,AT4G38160,1
AT5G44210,AT5G01175,1
AT5G44210,AT5G04870,1
AT5G44210,AT5G06120,1
AT5G44210,AT5G06290,1
AT5G44210,AT5G24640,1
AT5G44210,AT5G40500,1
AT5G44210,AT5G42770,1
AT5G44210,AT5G45040,1
AT5G44210,AT5G55600,1
AT5G44210,AT5G58240,1
AT5G44210,AT5G66240,1
AT4G17490,AT1G04635,1
AT4G17490,AT1G08840,1
AT4G17490,AT1G11000,1
AT4G17490,AT1G12800,1
AT4G17490,AT1G14030,1
AT4G17490,AT1G15820,1
AT4G17490,AT1G16730,1
AT4G17490,AT1G18460,1
AT4G17490,AT1G21610,1
AT4G17490,AT1G31835,1
AT4G17490,AT1G55810,1
AT4G17490,AT1G57680,1
AT4G17490,AT1G60080,1
AT4G17490,AT1G75340,1
AT4G17490,AT2G21960,1
AT4G17490,AT2G24500,1
AT4G17490,AT2G35930,1
AT4G17490,AT3G09730,1
AT4G17490,AT3G22100,1
AT4G17490,AT3G45880,1
AT4G17490,AT3G49410,1
AT4G17490,AT3G56570,1
AT4G17490,AT3G58660,1
AT4G17490,AT3G62800,1
AT4G17490,AT4G00080,1
AT4G17490,AT4G00895,1
AT4G17490,AT4G17760,1
AT4G17490,AT4G21150,1
AT4G17490,AT4G24250,1
AT4G17490,AT4G27490,1
AT4G17490,AT4G29380,1
AT4G17490,AT4G30845,1
AT4G17490,AT4G31150,1
AT4G17490,AT4G33467,1
AT4G17490,AT5G43870,1
AT4G17490,AT5G44160,1
AT4G17490,AT5G53460,1
AT4G17490,AT5G53860,1
AT4G17490,AT5G58250,1
AT4G17490,AT5G63550,1
AT4G17490,AT5G67300,1
AT1G28370,AT1G01830,1
AT1G28370,AT4G14870,1
AT1G28370,AT1G10370,1
AT1G28370,AT1G32630,1
AT1G28370,AT1G11390,1
AT1G28370,AT1G14030,1
AT1G28370,AT1G16730,1
AT1G28370,AT1G18460,1
AT1G28370,AT1G21610,1
AT1G28370,AT1G25145,1
AT1G28370,AT1G29320,1
AT1G28370,AT1G31360,1
AT1G28370,AT1G33415,1
AT1G28370,AT5G61350,1
AT1G28370,AT1G55810,1
AT1G28370,AT5G51130,1
AT1G28370,AT1G60080,1
AT1G28370,AT1G61820,1
AT1G28370,AT1G71490,1
AT1G28370,AT1G71990,1
AT1G28370,AT3G21755,1
AT1G28370,AT1G75340,1
AT1G28370,AT2G03050,1
AT1G28370,AT1G64940,1
AT1G28370,AT2G26810,1
AT1G28370,AT2G31920,1
AT1G28370,AT2G41950,1
AT1G28370,AT3G01910,1
AT1G28370,AT3G58660,1
AT1G28370,AT3G10750,1
AT1G28370,AT3G12980,1
AT1G28370,AT3G18740,1
AT1G28370,AT3G23640,1
AT1G28370,AT3G49410,1
AT1G28370,AT4G37520,1
AT1G28370,AT5G51110,1
AT1G28370,AT3G62800,1
AT1G28370,AT4G00080,1
AT1G28370,AT4G00895,1
AT1G28370,AT4G16710,1
AT1G28370,AT4G17760,1
AT1G28370,AT4G21150,1
AT1G28370,AT4G24250,1
AT1G28370,AT4G32350,1
AT1G28370,AT4G27490,1
AT1G28370,AT4G29380,1
AT1G28370,AT4G30845,1
AT1G28370,AT4G31150,1
AT1G28370,AT4G32900,1
AT1G28370,AT4G33467,1
AT1G28370,AT4G37380,1
AT1G28370,AT5G01175,1
AT1G28370,AT5G02820,1
AT1G28370,AT5G09690,1
AT1G28370,AT5G20920,1
AT1G28370,AT5G53860,1
AT1G28370,AT5G55580,1
AT1G28370,AT5G58210,1
AT1G28370,AT5G58250,1
AT1G28370,AT5G59070,1
AT1G28370,AT5G59750,1
AT1G28370,AT5G67300,1
AT1G43160,AT1G04945,1
AT1G43160,AT1G08090,1
AT1G43160,AT3G07050,1
AT1G43160,AT1G20060,1
AT1G43160,AT1G21528,1
AT1G43160,AT1G23410,1
AT1G43160,AT1G31800,1
AT1G43160,AT1G49540,1
AT1G43160,AT1G71490,1
AT1G43160,AT3G44400,1
AT1G43160,AT1G07820,1
AT1G43160,AT2G03060,1
AT1G43160,AT2G17850,1
AT1G43160,AT4G26555,1
AT1G43160,AT2G22250,1
AT1G43160,AT2G26830,1
AT1G43160,AT2G28560,1
AT1G43160,AT2G32130,1
AT1G43160,AT2G35050,1
AT1G43160,AT1G79790,1
AT1G43160,AT2G46860,1
AT1G43160,AT3G03020,1
AT1G43160,AT3G04350,1
AT1G43160,AT3G08970,1
AT1G43160,AT3G09660,1
AT1G43160,AT3G10680,1
AT1G43160,AT3G22660,1
AT1G43160,AT3G57570,1
AT1G43160,AT3G58120,1
AT1G43160,AT1G10320,1
AT1G43160,AT1G79440,1
AT1G43160,AT4G17760,1
AT1G43160,AT4G18240,1
AT1G43160,AT5G42770,1
AT1G43160,AT5G01175,1
AT1G43160,AT5G06120,1
AT1G43160,AT5G39785,1
AT1G43160,AT5G27390,1
AT1G43160,AT5G45095,1
AT1G43160,AT5G51120,1
AT1G43160,AT5G53010,1
AT1G43160,AT5G54860,1
AT1G43160,AT4G13860,1
AT1G43160,AT5G64750,1
AT1G43160,AT3G28956,1
AT1G43160,AT5G66240,1
AT1G68550,AT1G02870,1
AT1G68550,AT4G14870,1
AT1G68550,AT1G10370,1
AT1G68550,AT1G32630,1
AT1G68550,AT1G14030,1
AT1G68550,AT1G16730,1
AT1G68550,AT1G18460,1
AT1G68550,AT1G18773,1
AT1G68550,AT1G21610,1
AT1G68550,AT1G31360,1
AT1G68550,AT1G33415,1
AT1G68550,AT1G55810,1
AT1G68550,AT1G60080,1
AT1G68550,AT1G69252,1
AT1G68550,AT1G71490,1
AT1G68550,AT3G21755,1
AT1G68550,AT1G75340,1
AT1G68550,AT2G03050,1
AT1G68550,AT1G64940,1
AT1G68550,AT2G26810,1
AT1G68550,AT2G28900,1
AT1G68550,AT2G31920,1
AT1G68550,AT5G01920,1
AT1G68550,AT2G41950,1
AT1G68550,AT3G01910,1
AT1G68550,AT3G58660,1
AT1G68550,AT3G10750,1
AT1G68550,AT3G18740,1
AT1G68550,AT3G45880,1
AT1G68550,AT3G49410,1
AT1G68550,AT4G37520,1
AT1G68550,AT5G51110,1
AT1G68550,AT3G56090,1
AT1G68550,AT3G62800,1
AT1G68550,AT4G00080,1
AT1G68550,AT4G00895,1
AT1G68550,AT4G17760,1
AT1G68550,AT4G21150,1
AT1G68550,AT4G23320,1
AT1G68550,AT4G24250,1
AT1G68550,AT4G32350,1
AT1G68550,AT4G27050,1
AT1G68550,AT4G27490,1
AT1G68550,AT4G29380,1
AT1G68550,AT4G30845,1
AT1G68550,AT4G31150,1
AT1G68550,AT4G32900,1
AT1G68550,AT4G33467,1
AT1G68550,AT4G37380,1
AT1G68550,AT5G49020,1
AT1G68550,AT5G42630,1
AT1G68550,AT5G01175,1
AT1G68550,AT5G02820,1
AT1G68550,AT5G05600,1
AT1G68550,AT1G12750,1
AT1G68550,AT5G20920,1
AT1G68550,AT5G51130,1
AT1G68550,AT5G53860,1
AT1G68550,AT5G54600,1
AT1G68550,AT5G55580,1
AT1G68550,AT5G58210,1
AT1G68550,AT5G58250,1
AT1G68550,AT5G59070,1
AT1G68550,AT5G59750,1
AT1G68550,AT5G67300,1
AT5G47230,AT1G02870,1
AT5G47230,AT1G08840,1
AT5G47230,AT4G14870,1
AT5G47230,AT1G10370,1
AT5G47230,AT1G32630,1
AT5G47230,AT1G11390,1
AT5G47230,AT5G54600,1
AT5G47230,AT1G14030,1
AT5G47230,AT1G16730,1
AT5G47230,AT3G18295,1
AT5G47230,AT1G18460,1
AT5G47230,AT1G21610,1
AT5G47230,AT1G25145,1
AT5G47230,AT1G29320,1
AT5G47230,AT1G33415,1
AT5G47230,AT1G54310,1
AT5G47230,AT1G55810,1
AT5G47230,AT1G60080,1
AT5G47230,AT5G63370,1
AT5G47230,AT1G71490,1
AT5G47230,AT5G27390,1
AT5G47230,AT3G21755,1
AT5G47230,AT2G03050,1
AT5G47230,AT1G64940,1
AT5G47230,AT2G26810,1
AT5G47230,AT2G31920,1
AT5G47230,AT5G48390,1
AT5G47230,AT5G01920,1
AT5G47230,AT2G35658,1
AT5G47230,AT2G41950,1
AT5G47230,AT2G43870,1
AT5G47230,AT3G01910,1
AT5G47230,AT3G58660,1
AT5G47230,AT4G21470,1
AT5G47230,AT3G09730,1
AT5G47230,AT3G12980,1
AT5G47230,AT3G26360,1
AT5G47230,AT3G45880,1
AT5G47230,AT3G49410,1
AT5G47230,AT4G32350,1
AT5G47230,AT4G37520,1
AT5G47230,AT5G51110,1
AT5G47230,AT3G62800,1
AT5G47230,AT4G00080,1
AT5G47230,AT4G00895,1
AT5G47230,AT4G04940,1
AT5G47230,AT4G10350,1
AT5G47230,AT4G16710,1
AT5G47230,AT4G21150,1
AT5G47230,AT4G24250,1
AT5G47230,AT4G27050,1
AT5G47230,AT4G27490,1
AT5G47230,AT4G28800,1
AT5G47230,AT4G29380,1
AT5G47230,AT4G30845,1
AT5G47230,AT4G31150,1
AT5G47230,AT4G32900,1
AT5G47230,AT4G33467,1
AT5G47230,AT4G37380,1
AT5G47230,AT4G02350,1
AT5G47230,AT5G49020,1
AT5G47230,AT5G02820,1
AT5G47230,AT1G12750,1
AT5G47230,AT5G09690,1
AT5G47230,AT5G20920,1
AT5G47230,AT1G03250,1
AT5G47230,AT5G53860,1
AT5G47230,AT2G32090,1
AT5G47230,AT5G55580,1
AT5G47230,AT5G58250,1
AT5G47230,AT5G59070,1
AT5G47230,AT5G59750,1
AT5G47230,AT5G60590,1
AT5G47230,AT5G63550,1
AT5G47230,AT5G67190,1
AT5G47230,AT5G67300,1
AT1G53170,AT1G04635,1
AT1G53170,AT1G06160,1
AT1G53170,AT1G08840,1
AT1G53170,AT1G10370,1
AT1G53170,AT1G32630,1
AT1G53170,AT1G11390,1
AT1G53170,AT1G12800,1
AT1G53170,AT1G14030,1
AT1G53170,AT1G19740,1
AT1G53170,AT1G29320,1
AT1G53170,AT1G31360,1
AT1G53170,AT1G31835,1
AT1G53170,AT1G33415,1
AT1G53170,AT5G61350,1
AT1G53170,AT5G55580,1
AT1G53170,AT1G55810,1
AT1G53170,AT1G56130,1
AT1G53170,AT1G60080,1
AT1G53170,AT1G71490,1
AT1G53170,AT5G42630,1
AT1G53170,AT1G75340,1
AT1G53170,AT2G03050,1
AT1G53170,AT2G21900,1
AT1G53170,AT5G50240,1
AT1G53170,AT2G31920,1
AT1G53170,AT3G56090,1
AT1G53170,AT2G41950,1
AT1G53170,AT2G42640,1
AT1G53170,AT3G01910,1
AT1G53170,AT3G06530,1
AT1G53170,AT3G12980,1
AT1G53170,AT3G45880,1
AT1G53170,AT3G49410,1
AT1G53170,AT3G21755,1
AT1G53170,AT3G57630,1
AT1G53170,AT4G00895,1
AT1G53170,AT4G04940,1
AT1G53170,AT4G12600,1
AT1G53170,AT4G16710,1
AT1G53170,AT4G17760,1
AT1G53170,AT4G21150,1
AT1G53170,AT4G21990,1
AT1G53170,AT4G24250,1
AT1G53170,AT4G34120,1
AT1G53170,AT4G27490,1
AT1G53170,AT4G29380,1
AT1G53170,AT4G31150,1
AT1G53170,AT4G37380,1
AT1G53170,AT4G32350,1
AT1G53170,AT5G01175,1
AT1G53170,AT5G02820,1
AT1G53170,AT5G05600,1
AT1G53170,AT1G76960,1
AT1G53170,AT5G20920,1
AT1G53170,AT5G43870,1
AT1G53170,AT5G53860,1
AT1G53170,AT5G58210,1
AT1G53170,AT5G59070,1
AT1G53170,AT5G59750,1
AT1G53170,AT5G60730,1
AT1G53170,AT5G67300,1
AT5G64750,AT1G03070,1
AT5G64750,AT1G07820,1
AT5G64750,AT1G21528,1
AT5G64750,AT1G25682,1
AT5G64750,AT1G56180,1
AT5G64750,AT1G75210,1
AT5G64750,AT2G22250,1
AT5G64750,AT2G35050,1
AT5G64750,AT2G43190,1
AT5G64750,AT2G43210,1
AT5G64750,AT2G46860,1
AT5G64750,AT3G06570,1
AT5G64750,AT3G09660,1
AT5G64750,AT3G10680,1
AT5G64750,AT3G11120,1
AT5G64750,AT3G13420,1
AT5G64750,AT3G13870,1
AT5G64750,AT3G53570,1
AT5G64750,AT3G57570,1
AT5G64750,AT5G01175,1
AT5G64750,AT4G34090,1
AT5G64750,AT4G37040,1
AT5G64750,AT4G38160,1
AT5G64750,AT5G04870,1
AT5G64750,AT5G06120,1
AT5G64750,AT5G06290,1
AT5G64750,AT5G24640,1
AT5G64750,AT5G27390,1
AT5G64750,AT5G49700,1
AT5G64750,AT5G53010,1
AT5G64750,AT5G58240,1
AT5G64750,AT5G64750,1
AT2G24260,AT4G33890,1
AT2G24260,AT5G55390,1
AT2G24260,AT5G04090,1
AT2G24260,AT2G18090,1
AT2G24260,AT2G28250,1
AT2G24260,AT2G14170,1
AT2G24260,AT3G23670,1
AT2G24260,AT3G54440,1
AT2G24260,AT3G48260,1
AT2G24260,AT3G54760,1
AT2G24260,AT1G79090,1
AT2G24260,AT2G38025,1
AT2G24260,AT1G31420,1
AT2G24260,AT1G08570,1
AT2G24260,AT1G52510,1
AT2G24260,AT4G14290,1
AT2G24260,AT4G14300,1
AT2G24260,AT5G42290,1
AT2G24260,AT2G41312,1
AT2G24260,AT4G36620,1
AT2G24260,AT5G49430,1
AT2G24260,AT2G42260,1
AT2G24260,AT2G04270,1
AT2G24260,AT4G22950,1
AT2G24260,AT4G11880,1
AT2G24260,AT5G16150,1
AT2G24260,AT1G75460,1
AT2G24260,AT3G24929,1
AT2G24260,AT3G16000,1
AT2G24260,AT4G36930,1
AT2G24260,AT2G36895,1
AT2G24260,AT3G61470,1
AT2G24260,AT3G07030,1
AT2G24260,AT5G17530,1
AT2G24260,AT3G07255,1
AT2G24260,AT3G01990,1
AT2G24260,AT2G37280,1
AT2G24260,AT5G40240,1
AT2G24260,AT5G67410,1
AT2G24260,AT3G46920,1
AT2G24260,AT1G20870,1
AT2G24260,AT5G66080,1
AT2G24260,AT1G03840,1
AT2G24260,AT4G38260,1
AT2G24260,AT5G13730,1
AT2G24260,AT5G59580,1
AT2G24260,AT5G16800,1
AT2G24260,AT3G04370,1
AT2G24260,AT5G50360,1
AT2G24260,AT1G22380,1
AT2G24260,AT4G01575,1
AT5G25390,AT1G32630,1
AT5G25390,AT1G07119,1
AT5G25390,AT1G08840,1
AT5G25390,AT1G21610,1
AT5G25390,AT1G23280,1
AT5G25390,AT1G25145,1
AT5G25390,AT1G28070,1
AT5G25390,AT5G56900,1
AT5G25390,AT1G55810,1
AT5G25390,AT1G56180,1
AT5G25390,AT1G60080,1
AT5G25390,AT1G64940,1
AT5G25390,AT1G72510,1
AT5G25390,AT2G17970,1
AT5G25390,AT2G27402,1
AT5G25390,AT2G31870,1
AT5G25390,AT2G31920,1
AT5G25390,AT2G32090,1
AT5G25390,AT3G07215,1
AT5G25390,AT3G09650,1
AT5G25390,AT1G49150,1
AT5G25390,AT3G26360,1
AT5G25390,AT3G29360,1
AT5G25390,AT3G50130,1
AT5G25390,AT3G52230,1
AT5G25390,AT3G62800,1
AT5G25390,AT4G00895,1
AT5G25390,AT4G10350,1
AT5G25390,AT4G16710,1
AT5G25390,AT4G21150,1
AT5G25390,AT4G24250,1
AT5G25390,AT4G25070,1
AT5G25390,AT4G27490,1
AT5G25390,AT4G30845,1
AT5G25390,AT4G31150,1
AT5G25390,AT4G32350,1
AT5G25390,AT4G34120,1
AT5G25390,AT4G36110,1
AT5G25390,AT5G05670,1
AT5G25390,AT5G21050,1
AT5G25390,AT5G48390,1
AT5G25390,AT5G52780,1
AT5G25390,AT5G53860,1
AT5G25390,AT5G54600,1
AT5G25390,AT5G61350,1
AT5G25390,AT5G58250,1
AT5G25390,AT5G59070,1
AT5G25390,AT5G60590,1
AT5G25390,AT5G60730,1
AT5G25390,AT5G64490,1
AT5G25390,AT5G65260,1
AT5G25390,AT5G67190,1
AT2G40340,AT1G01940,1
AT2G40340,AT1G03070,1
AT2G40340,AT1G03940,1
AT2G40340,AT1G04945,1
AT2G40340,AT1G05600,1
AT2G40340,AT1G06960,1
AT2G40340,AT1G07320,1
AT2G40340,AT1G08410,1
AT2G40340,AT3G07050,1
AT2G40340,AT1G21528,1
AT2G40340,AT1G23410,1
AT2G40340,AT1G25240,1
AT2G40340,AT1G29395,1
AT2G40340,AT1G31800,1
AT2G40340,AT1G36070,1
AT2G40340,AT1G56190,1
AT2G40340,AT1G56180,1
AT2G40340,AT2G06520,1
AT2G40340,AT2G27400,1
AT2G40340,AT5G44574,1
AT2G40340,AT2G46860,1
AT2G40340,AT3G04350,1
AT2G40340,AT3G10060,1
AT2G40340,AT3G10680,1
AT2G40340,AT3G19970,1
AT2G40340,AT3G44400,1
AT2G40340,AT3G52140,1
AT2G40340,AT3G53570,1
AT2G40340,AT4G01026,1
AT2G40340,AT4G34090,1
AT2G40340,AT4G39710,1
AT2G40340,AT5G01175,1
AT2G40340,AT5G06120,1
AT2G40340,AT5G06290,1
AT2G40340,AT5G08470,1
AT2G40340,AT5G17370,1
AT2G40340,AT5G40500,1
AT2G40340,AT5G42770,1
AT2G40340,AT5G55970,1
AT2G40340,AT5G58240,1
AT1G30650,AT1G01650,1
AT1G30650,AT5G44585,1
AT1G30650,AT5G06190,1
AT1G30650,AT3G52105,1
AT1G30650,AT1G34750,1
AT1G30650,AT1G22500,1
AT1G30650,AT1G50060,1
AT1G30650,AT4G08620,1
AT1G30650,AT1G13000,1
AT1G30650,AT2G20880,1
AT1G30650,AT1G69520,1
AT1G30650,AT1G72200,1
AT1G30650,AT1G76900,1
AT1G30650,AT1G76970,1
AT1G30650,AT1G65486,1
AT1G30650,AT4G23550,1
AT1G30650,AT2G34930,1
AT1G30650,AT2G39518,1
AT1G30650,AT1G70140,1
AT1G30650,AT5G14020,1
AT1G30650,AT5G55130,1
AT1G30650,AT2G34470,1
AT1G30650,AT4G08980,1
AT1G30650,AT4G32260,1
AT1G30650,AT4G27852,1
AT1G30650,AT3G50070,1
AT1G30650,AT5G42800,1
AT1G30650,AT2G43760,1
AT1G30650,AT1G68050,1
AT1G30650,AT3G57645,1
AT1G30650,AT5G57230,1
AT4G01250,AT1G01650,1
AT4G01250,AT4G32360,1
AT4G01250,AT1G15540,1
AT4G01250,AT5G44585,1
AT4G01250,AT1G58808,1
AT4G01250,AT5G06190,1
AT4G01250,AT1G33840,1
AT4G01250,AT3G52105,1
AT4G01250,AT1G34750,1
AT4G01250,AT1G22500,1
AT4G01250,AT1G50060,1
AT4G01250,AT4G08620,1
AT4G01250,AT1G13000,1
AT4G01250,AT2G20880,1
AT4G01250,AT1G69520,1
AT4G01250,AT1G72200,1
AT4G01250,AT1G76970,1
AT4G01250,AT1G65486,1
AT4G01250,AT4G17520,1
AT4G01250,AT5G51180,1
AT4G01250,AT4G23550,1
AT4G01250,AT2G37820,1
AT4G01250,AT2G39518,1
AT4G01250,AT1G70140,1
AT4G01250,AT3G62080,1
AT4G01250,AT3G01760,1
AT4G01250,AT5G14020,1
AT4G01250,AT1G30540,1
AT4G01250,AT3G12020,1
AT4G01250,AT5G55130,1
AT4G01250,AT3G51350,1
AT4G01250,AT2G34470,1
AT4G01250,AT3G58620,1
AT4G01250,AT5G14220,1
AT4G01250,AT4G08980,1
AT4G01250,AT4G32260,1
AT4G01250,AT4G27852,1
AT4G01250,AT5G42800,1
AT4G01250,AT2G43760,1
AT4G01250,AT1G68050,1
AT4G01250,AT1G63740,1
AT4G01250,AT1G64380,1
AT4G01250,AT5G54860,1
AT4G01250,AT5G57230,1
AT4G18170,AT5G17820,1
AT4G18170,AT1G48370,1
AT4G18170,AT3G54050,1
AT4G18170,AT1G14970,1
AT4G18170,AT5G44780,1
AT4G18170,AT1G34370,1
AT4G18170,AT2G32700,1
AT4G18170,AT1G10920,1
AT4G18170,AT3G56410,1
AT4G18170,AT1G74170,1
AT4G18170,AT3G20935,1
AT4G18170,AT3G62830,1
AT4G18170,AT5G08310,1
AT4G18170,AT5G59290,1
AT4G18170,AT5G63180,1
AT4G18170,AT2G02860,1
AT4G18170,AT2G03590,1
AT4G18170,AT5G14030,1
AT4G18170,AT5G25440,1
AT4G18170,AT2G21550,1
AT4G18170,AT2G23320,1
AT4G18170,AT3G22820,1
AT4G18170,AT3G06140,1
AT4G18170,AT4G15070,1
AT4G18170,AT5G11630,1
AT4G18170,AT5G39850,1
AT4G18170,AT3G15240,1
AT4G18170,AT3G09960,1
AT4G18170,AT3G62120,1
AT4G18170,AT4G16563,1
AT4G18170,AT5G53050,1
AT4G18170,AT2G32610,1
AT4G18170,AT2G03810,1
AT4G18170,AT4G29170,1
AT4G18170,AT4G17600,1
AT4G18170,AT5G10830,1
AT4G18170,AT5G54700,1
AT5G07100,AT1G01650,1
AT5G07100,AT1G15540,1
AT5G07100,AT1G33840,1
AT5G07100,AT1G22500,1
AT5G07100,AT1G63740,1
AT5G07100,AT1G62262,1
AT5G07100,AT2G20880,1
AT5G07100,AT1G65486,1
AT5G07100,AT5G10470,1
AT5G07100,AT5G51180,1
AT5G07100,AT4G23550,1
AT5G07100,AT2G34470,1
AT5G07100,AT2G34930,1
AT5G07100,AT2G39518,1
AT5G07100,AT1G70140,1
AT5G07100,AT3G62080,1
AT5G07100,AT5G14020,1
AT5G07100,AT1G30540,1
AT5G07100,AT3G12020,1
AT5G07100,AT3G13330,1
AT5G07100,AT5G55130,1
AT5G07100,AT4G08980,1
AT5G07100,AT4G20000,1
AT5G07100,AT3G54750,1
AT5G07100,AT2G43760,1
AT5G07100,AT1G68050,1
AT5G07100,AT1G64380,1
AT5G07100,AT5G57230,1
AT4G31550,AT3G49540,1
AT4G31550,AT1G34370,1
AT4G31550,AT3G17070,1
AT4G31550,AT1G48370,1
AT4G31550,AT1G51800,1
AT4G31550,AT4G23190,1
AT4G31550,AT1G73970,1
AT4G31550,AT2G03590,1
AT4G31550,AT2G28200,1
AT4G31550,AT2G37790,1
AT4G31550,AT3G06140,1
AT4G31550,AT5G39850,1
AT4G31550,AT3G51360,1
AT4G31550,AT1G10920,1
AT4G31550,AT4G16563,1
AT4G31550,AT5G53050,1
AT4G31550,AT4G17600,1
AT4G31550,AT5G08310,1
AT4G31550,AT5G17820,1
AT1G80840,AT1G15530,1
AT1G80840,AT2G30570,1
AT1G80840,AT1G50520,1
AT1G80840,AT2G05180,1
AT1G80840,AT1G74170,1
AT1G80840,AT2G03590,1
AT1G80840,AT2G06025,1
AT1G80840,AT2G23320,1
AT1G80840,AT2G25290,1
AT1G80840,AT2G43620,1
AT1G80840,AT2G47550,1
AT1G80840,AT5G39850,1
AT1G80840,AT3G13175,1
AT1G80840,AT3G15240,1
AT1G80840,AT3G59320,1
AT1G80840,AT2G03760,1
AT1G80840,AT3G62830,1
AT1G80840,AT4G16563,1
AT1G80840,AT4G29170,1
AT1G80840,AT4G17600,1
AT1G80840,AT5G08310,1
AT1G80840,AT5G17820,1
AT1G80840,AT5G44400,1
AT1G80840,AT5G54700,1
AT2G21900,AT5G20660,1
AT2G21900,AT5G12130,1
AT2G21900,AT1G51860,1
AT2G21900,AT5G49020,1
AT2G21900,AT3G57940,1
AT2G21900,AT4G38480,1
AT2G21900,AT3G59300,1
AT2G21900,AT1G60010,1
AT2G21900,AT4G23550,1
AT2G21900,AT4G12020,1
AT2G21900,AT3G03780,1
AT2G21900,AT1G14820,1
AT2G21900,AT1G12750,1
AT2G21900,AT2G43760,1
AT2G21900,AT4G25380,1
AT2G21900,AT3G58620,1
AT2G21900,AT5G40860,1
AT2G21900,AT2G15730,1
AT2G21900,AT3G20935,1
AT2G21900,AT1G30540,1
AT2G21900,AT3G28030,1
AT2G21900,AT3G12020,1
AT2G21900,AT3G54950,1
AT2G21900,AT5G44730,1
AT2G21900,AT4G32360,1
AT2G21900,AT1G26130,1
AT2G21900,AT5G10745,1
AT2G21900,AT4G25880,1
AT2G21900,AT2G33120,1
AT2G21900,AT5G55130,1
AT2G21900,AT2G37920,1
AT2G21900,AT4G08980,1
AT2G21900,AT4G10710,1
AT2G21900,AT5G62460,1
AT2G21900,AT3G58850,1
AT5G46830,AT1G01650,1
AT5G46830,AT3G05270,1
AT5G46830,AT1G60505,1
AT5G46830,AT4G28140,1
AT5G46830,AT5G15410,1
AT5G46830,AT5G35550,1
AT5G46830,AT3G56408,1
AT2G25000,AT3G25440,1
AT2G25000,AT2G30100,1
AT2G25000,AT5G01700,1
AT2G25000,AT3G08810,1
AT2G25000,AT5G04740,1
AT2G25000,AT3G13870,1
AT2G25000,AT5G55920,1
AT2G25000,AT5G25910,1
AT2G25000,AT5G47710,1
AT2G25000,AT2G02960,1
AT2G25000,AT3G13330,1
AT2G25000,AT5G11970,1
AT2G25000,AT3G27416,1
AT2G25000,AT4G14480,1
AT2G25000,AT1G25682,1
AT2G25000,AT4G34150,1
AT2G25000,AT1G18200,1
AT2G25000,AT5G09980,1
AT2G25000,AT2G47700,1
AT2G25000,AT3G01202,1
AT3G50260,AT1G03840,1
AT3G50260,AT1G05860,1
AT3G50260,AT1G08840,1
AT3G50260,AT1G25145,1
AT3G50260,AT5G61350,1
AT3G50260,AT1G56600,1
AT3G50260,AT1G70710,1
AT3G50260,AT5G18190,1
AT3G50260,AT1G74370,1
AT3G50260,AT1G76320,1
AT3G50260,AT1G76960,1
AT3G50260,AT5G42630,1
AT3G50260,AT2G31920,1
AT3G50260,AT2G35930,1
AT3G50260,AT2G39230,1
AT3G50260,AT2G42320,1
AT3G50260,AT3G01930,1
AT3G50260,AT3G05858,1
AT3G50260,AT3G23090,1
AT3G50260,AT3G57780,1
AT3G50260,AT4G13110,1
AT3G50260,AT3G22980,1
AT3G50260,AT4G21150,1
AT3G50260,AT4G24250,1
AT3G50260,AT4G28140,1
AT3G50260,AT4G28800,1
AT3G50260,AT4G30845,1
AT3G50260,AT4G32350,1
AT3G50260,AT4G33467,1
AT3G50260,AT4G37380,1
AT3G50260,AT5G01175,1
AT3G50260,AT5G23120,1
AT3G50260,AT5G24340,1
AT3G50260,AT5G27390,1
AT3G50260,AT5G44160,1
AT3G50260,AT5G44530,1
AT3G50260,AT3G21755,1
AT3G50260,AT5G57700,1
AT3G50260,AT5G58140,1
AT3G50260,AT5G59070,1
AT3G50260,AT5G59750,1
AT3G50260,AT5G67300,1
AT1G59640,AT1G03620,1
AT1G59640,AT1G07500,1
AT1G59640,AT1G11840,1
AT1G59640,AT1G11960,1
AT1G59640,AT1G13245,1
AT1G59640,AT1G14345,1
AT1G59640,AT1G15290,1
AT1G59640,AT1G17220,1
AT1G59640,AT1G18460,1
AT1G59640,AT1G19000,1
AT1G59640,AT1G19660,1
AT1G59640,AT1G21440,1
AT1G59640,AT1G21920,1
AT1G59640,AT1G24580,1
AT1G59640,AT1G27600,1
AT1G59640,AT1G31420,1
AT1G59640,AT1G35430,1
AT1G59640,AT1G48430,1
AT1G59640,AT1G49450,1
AT1G59640,AT1G51400,1
AT1G59640,AT1G52220,1
AT1G59640,AT1G52720,1
AT1G59640,AT1G53560,1
AT1G59640,AT1G53670,1
AT1G59640,AT1G54500,1
AT1G59640,AT1G60790,1
AT1G59640,AT1G61340,1
AT1G59640,AT1G69480,1
AT1G59640,AT1G74840,1
AT1G59640,AT1G76240,1
AT1G59640,AT1G79040,1
AT1G59640,AT2G04350,1
AT1G59640,AT2G21300,1
AT1G59640,AT2G23348,1
AT1G59640,AT2G24420,1
AT1G59640,AT2G28490,1
AT1G59640,AT2G34620,1
AT1G59640,AT2G36270,1
AT1G59640,AT2G37750,1
AT1G59640,AT2G43480,1
AT1G59640,AT2G46700,1
AT1G59640,AT2G46790,1
AT1G59640,AT2G47770,1
AT1G59640,AT3G01510,1
AT1G59640,AT3G06125,1
AT1G59640,AT3G07390,1
AT1G59640,AT3G11930,1
AT1G59640,AT3G12320,1
AT1G59640,AT3G14590,1
AT1G59640,AT3G16140,1
AT1G59640,AT3G17770,1
AT1G59640,AT3G17860,1
AT1G59640,AT3G21055,1
AT1G59640,AT3G21870,1
AT1G59640,AT3G23220,1
AT1G59640,AT3G24840,1
AT1G59640,AT3G47340,1
AT1G59640,AT3G48510,1
AT1G59640,AT3G48990,1
AT1G59640,AT3G50750,1
AT1G59640,AT3G51510,1
AT1G59640,AT3G51670,1
AT1G59640,AT3G53000,1
AT1G59640,AT3G53670,1
AT1G59640,AT3G54500,1
AT1G59640,AT3G54960,1
AT1G59640,AT3G56940,1
AT1G59640,AT3G57520,1
AT1G59640,AT3G60910,1
AT1G59640,AT3G61470,1
AT1G59640,AT3G62590,1
AT1G59640,AT4G00490,1
AT1G59640,AT4G02430,1
AT1G59640,AT4G05180,1
AT1G59640,AT4G16160,1
AT1G59640,AT4G16370,1
AT1G59640,AT4G17560,1
AT1G59640,AT4G18520,1
AT1G59640,AT4G22890,1
AT1G59640,AT4G24480,1
AT1G59640,AT4G25670,1
AT1G59640,AT4G26890,1
AT1G59640,AT4G28290,1
AT1G59640,AT4G28660,1
AT1G59640,AT4G33467,1
AT1G59640,AT4G33890,1
AT1G59640,AT4G35590,1
AT1G59640,AT4G37480,1
AT1G59640,AT4G40010,1
AT1G59640,AT5G01520,1
AT1G59640,AT5G04885,1
AT1G59640,AT5G05270,1
AT1G59640,AT5G05965,1
AT1G59640,AT5G10740,1
AT1G59640,AT5G10745,1
AT1G59640,AT5G12840,1
AT1G59640,AT5G15190,1
AT1G59640,AT5G15650,1
AT1G59640,AT5G15845,1
AT1G59640,AT5G16800,1
AT1G59640,AT5G17300,1
AT1G59640,AT5G38520,1
AT1G59640,AT5G47900,1
AT1G59640,AT5G50100,1
AT1G59640,AT5G51460,1
AT1G59640,AT5G57610,1
AT1G59640,AT5G58600,1
AT1G59640,AT5G61530,1
AT1G59640,AT5G64940,1
AT5G08130,AT1G03620,1
AT5G08130,AT1G06570,1
AT5G08130,AT1G07740,1
AT5G08130,AT1G12800,1
AT5G08130,AT1G15750,1
AT5G08130,AT1G35430,1
AT5G08130,AT1G18460,1
AT5G08130,AT1G22180,1
AT5G08130,AT1G30300,1
AT5G08130,AT1G31420,1
AT5G08130,AT1G34630,1
AT5G08130,AT1G47990,1
AT5G08130,AT1G48100,1
AT5G08130,AT1G48430,1
AT5G08130,AT1G52400,1
AT5G08130,AT1G60430,1
AT5G08130,AT3G16000,1
AT5G08130,AT1G60790,1
AT5G08130,AT1G72820,1
AT5G08130,AT1G74310,1
AT5G08130,AT3G51370,1
AT5G08130,AT1G79060,1
AT5G08130,AT1G79090,1
AT5G08130,AT1G79660,1
AT5G08130,AT2G23348,1
AT5G08130,AT2G28490,1
AT5G08130,AT2G37750,1
AT5G08130,AT2G38820,1
AT5G08130,AT2G42640,1
AT5G08130,AT2G43180,1
AT5G08130,AT2G43190,1
AT5G08130,AT2G46790,1
AT5G08130,AT2G47460,1
AT5G08130,AT4G36620,1
AT5G08130,AT3G16050,1
AT5G08130,AT3G05630,1
AT5G08130,AT3G24929,1
AT5G08130,AT3G45230,1
AT5G08130,AT3G51510,1
AT5G08130,AT3G51670,1
AT5G08130,AT3G52310,1
AT5G08130,AT3G53210,1
AT5G08130,AT3G54500,1
AT5G08130,AT5G57015,1
AT5G08130,AT3G58640,1
AT5G08130,AT3G60340,1
AT5G08130,AT3G61470,1
AT5G08130,AT3G62590,1
AT5G08130,AT4G00080,1
AT5G08130,AT4G00310,1
AT5G08130,AT4G02430,1
AT5G08130,AT4G03420,1
AT5G08130,AT1G72990,1
AT5G08130,AT4G13940,1
AT5G08130,AT4G14660,1
AT5G08130,AT3G18040,1
AT5G08130,AT4G18240,1
AT5G08130,AT4G18950,1
AT5G08130,AT4G25470,1
AT5G08130,AT4G21926,1
AT5G08130,AT4G34410,1
AT5G08130,AT4G35000,1
AT5G08130,AT4G35590,1
AT5G08130,AT4G37480,1
AT5G08130,AT4G39800,1
AT5G08130,AT5G18190,1
AT5G08130,AT5G26600,1
AT5G08130,AT5G47900,1
AT5G08130,AT5G48385,1
AT5G08130,AT5G49430,1
AT5G08130,AT5G58770,1
AT5G08130,AT5G53290,1
AT5G08130,AT5G54930,1
AT5G08130,AT1G59950,1
AT5G08130,AT5G60590,1
AT5G08130,AT5G61530,1
AT5G08130,AT5G63180,1
AT5G08130,AT5G66580,1
AT5G25190,AT1G03070,1
AT5G25190,AT1G04945,1
AT5G25190,AT1G07000,1
AT5G25190,AT1G15530,1
AT5G25190,AT4G09695,1
AT5G25190,AT1G21528,1
AT5G25190,AT1G23410,1
AT5G25190,AT1G25240,1
AT5G25190,AT1G29250,1
AT5G25190,AT1G29390,1
AT5G25190,AT1G36070,1
AT5G25190,AT1G56190,1
AT5G25190,AT1G56180,1
AT5G25190,AT1G73910,1
AT5G25190,AT2G07715,1
AT5G25190,AT2G22250,1
AT5G25190,AT2G23348,1
AT5G25190,AT5G55740,1
AT5G25190,AT2G35050,1
AT5G25190,AT2G43190,1
AT5G25190,AT2G44090,1
AT5G25190,AT2G46240,1
AT5G25190,AT2G46610,1
AT5G25190,AT2G46860,1
AT5G25190,AT3G04350,1
AT5G25190,AT3G09660,1
AT5G25190,AT3G10680,1
AT5G25190,AT3G44400,1
AT5G25190,AT3G49400,1
AT5G25190,AT3G52140,1
AT5G25190,AT3G53570,1
AT5G25190,AT3G53650,1
AT5G25190,AT3G57570,1
AT5G25190,AT3G63480,1
AT5G25190,AT4G03540,1
AT5G25190,AT4G25300,1
AT5G25190,AT5G01175,1
AT5G25190,AT5G06120,1
AT5G25190,AT5G06290,1
AT5G25190,AT5G18660,1
AT5G25190,AT5G24640,1
AT5G25190,AT5G28750,1
AT5G25190,AT5G40500,1
AT5G25190,AT5G42110,1
AT5G25190,AT5G42770,1
AT5G25190,AT5G45040,1
AT5G25190,AT5G50360,1
AT5G25190,AT5G53010,1
AT5G25190,AT5G58240,1
AT5G25190,AT5G60610,1
AT5G65130,AT1G03840,1
AT5G65130,AT1G04635,1
AT5G65130,AT1G08840,1
AT5G65130,AT1G10370,1
AT5G65130,AT1G32630,1
AT5G65130,AT5G54600,1
AT5G65130,AT1G12800,1
AT5G65130,AT1G15290,1
AT5G65130,AT1G15820,1
AT5G65130,AT1G16730,1
AT5G65130,AT1G19740,1
AT5G65130,AT1G21610,1
AT5G65130,AT1G25145,1
AT5G65130,AT1G33415,1
AT5G65130,AT5G61350,1
AT5G65130,AT1G55810,1
AT5G65130,AT1G60080,1
AT5G65130,AT1G71000,1
AT5G65130,AT4G14870,1
AT5G65130,AT5G27390,1
AT5G65130,AT3G21755,1
AT5G65130,AT1G76960,1
AT5G65130,AT2G01760,1
AT5G65130,AT1G64940,1
AT5G65130,AT4G35685,1
AT5G65130,AT2G28900,1
AT5G65130,AT2G31920,1
AT5G65130,AT5G48390,1
AT5G65130,AT3G52070,1
AT5G65130,AT2G41950,1
AT5G65130,AT2G43870,1
AT5G65130,AT3G01930,1
AT5G65130,AT3G18040,1
AT5G65130,AT3G05858,1
AT5G65130,AT3G06530,1
AT5G65130,AT1G27470,1
AT5G65130,AT3G07215,1
AT5G65130,AT3G09730,1
AT5G65130,AT4G37520,1
AT5G65130,AT3G62800,1
AT5G65130,AT4G16710,1
AT5G65130,AT3G22980,1
AT5G65130,AT4G21150,1
AT5G65130,AT4G24250,1
AT5G65130,AT4G32350,1
AT5G65130,AT4G27050,1
AT5G65130,AT4G28800,1
AT5G65130,AT4G30845,1
AT5G65130,AT4G31150,1
AT5G65130,AT4G32900,1
AT5G65130,AT4G33467,1
AT5G65130,AT4G36110,1
AT5G65130,AT4G36810,1
AT5G65130,AT4G37380,1
AT5G65130,AT4G38260,1
AT5G65130,AT1G12750,1
AT5G65130,AT5G06980,1
AT5G65130,AT5G18550,1
AT5G65130,AT5G23120,1
AT5G65130,AT5G44160,1
AT5G65130,AT5G53860,1
AT5G65130,AT5G58140,1
AT5G65130,AT5G58250,1
AT5G65130,AT5G59070,1
AT5G65130,AT5G59750,1
AT5G65130,AT5G67190,1
AT5G65130,AT5G67300,1
AT1G21910,AT1G05860,1
AT1G21910,AT1G08840,1
AT1G21910,AT1G12845,1
AT1G21910,AT1G70710,1
AT1G21910,AT2G01450,1
AT1G21910,AT2G31920,1
AT1G21910,AT2G35930,1
AT1G21910,AT2G42320,1
AT1G21910,AT2G47070,1
AT1G21910,AT2G47180,1
AT1G21910,AT3G01930,1
AT1G21910,AT3G23090,1
AT1G21910,AT3G53620,1
AT1G21910,AT3G57780,1
AT1G21910,AT3G58110,1
AT1G21910,AT4G01520,1
AT1G21910,AT4G03430,1
AT1G21910,AT4G08980,1
AT1G21910,AT4G17140,1
AT1G21910,AT4G21150,1
AT1G21910,AT4G24250,1
AT1G21910,AT4G28800,1
AT1G21910,AT4G31150,1
AT1G21910,AT4G33467,1
AT1G21910,AT5G01175,1
AT1G21910,AT5G07890,1
AT1G21910,AT5G24340,1
AT1G21910,AT5G27390,1
AT1G21910,AT5G44160,1
AT1G21910,AT5G48760,1
AT1G21910,AT5G51260,1
AT1G21910,AT5G58140,1
AT1G21910,AT5G59070,1
AT1G21910,AT5G60730,1
AT1G21910,AT5G67300,1
AT4G28140,AT1G01940,1
AT4G28140,AT1G20060,1
AT4G28140,AT1G21528,1
AT4G28140,AT1G24996,1
AT4G28140,AT1G79790,1
AT4G28140,AT2G02860,1
AT4G28140,AT2G17972,1
AT4G28140,AT2G46240,1
AT4G28140,AT2G46860,1
AT4G28140,AT2G47140,1
AT4G28140,AT3G03020,1
AT4G28140,AT3G04350,1
AT4G28140,AT3G05250,1
AT4G28140,AT3G06480,1
AT4G28140,AT3G44190,1
AT4G28140,AT3G51075,1
AT4G28140,AT3G57570,1
AT4G28140,AT4G35720,1
AT4G28140,AT5G03770,1
AT4G28140,AT5G06120,1
AT4G28140,AT5G07900,1
AT4G28140,AT5G14050,1
AT4G28140,AT5G27390,1
AT4G28140,AT5G40500,1
AT4G28140,AT5G51120,1
AT4G28140,AT5G53850,1
AT4G28140,AT5G54860,1
AT4G28140,AT2G45930,1
AT5G22570,AT1G76560,1
AT5G22570,AT5G55130,1
AT5G22570,AT3G10020,1
AT5G22570,AT5G47700,1
AT5G22570,AT1G29530,1
AT5G22570,AT3G28550,1
AT5G22570,AT5G66270,1
AT5G22570,AT4G26700,1
AT5G22570,AT4G23740,1
AT5G22570,AT3G12250,1
AT5G22570,AT5G18660,1
AT5G22570,AT5G57010,1
AT5G22570,AT4G21150,1
AT5G22570,AT4G23460,1
AT5G22570,AT1G72280,1
AT5G22570,AT3G01850,1
AT5G22570,AT5G66630,1
AT5G22570,AT5G14050,1
AT5G22570,AT1G77630,1
AT1G66600,AT3G25440,1
AT1G66600,AT2G39400,1
AT1G74930,AT3G12980,1
AT1G74930,AT3G13870,1
AT1G74930,AT5G47430,1
AT1G74930,AT2G27720,1
AT1G74930,AT4G28260,1
AT1G74930,AT5G30495,1
AT1G74930,AT1G04080,1
AT1G74930,AT5G60680,1
AT1G74930,AT5G23120,1
AT1G74930,AT5G54110,1
AT1G74930,AT5G41150,1
AT1G74930,AT3G01510,1
AT1G74930,AT4G25670,1
AT1G74930,AT1G73020,1
AT1G74930,AT2G45950,1
AT1G74930,AT1G76320,1
AT1G74930,AT3G53040,1
AT1G74930,AT4G11890,1
AT1G74930,AT5G67090,1
AT1G74930,AT2G20950,1
AT1G74930,AT5G28830,1
AT1G74930,AT4G18650,1
AT1G74930,AT1G21560,1
AT1G74930,AT3G19720,1
AT1G74930,AT5G20790,1
AT1G74930,AT5G56880,1
AT1G78080,AT3G12980,1
AT1G78080,AT3G13870,1
AT1G78080,AT1G74370,1
AT1G78080,AT1G70000,1
AT1G78080,AT5G28830,1
AT1G78080,AT5G30495,1
AT1G78080,AT5G25250,1
AT1G78080,AT1G04080,1
AT1G78080,AT5G60680,1
AT1G78080,AT2G24500,1
AT1G78080,AT4G27070,1
AT1G78080,AT3G23600,1
AT1G78080,AT3G01510,1
AT1G78080,AT1G62200,1
AT1G78080,AT1G76320,1
AT1G78080,AT4G28260,1
AT1G78080,AT1G70140,1
AT1G78080,AT3G53040,1
AT1G78080,AT3G57062,1
AT1G78080,AT2G06002,1
AT1G78080,AT4G11890,1
AT1G78080,AT1G43910,1
AT1G78080,AT3G62800,1
AT1G78080,AT4G05390,1
AT1G78080,AT1G21560,1
AT1G78080,AT5G56880,1
AT1G29860,AT5G12130,1
AT1G29860,AT3G62080,1
AT1G29860,AT4G33540,1
AT1G29860,AT2G45500,1
AT1G29860,AT1G30540,1
AT1G29860,AT3G12050,1
AT1G29860,AT1G67490,1
AT1G29860,AT4G08620,1
AT1G29860,AT1G03290,1
AT1G29860,AT3G12020,1
AT1G29860,AT1G78240,1
AT1G29860,AT5G58720,1
AT1G29860,AT3G58620,1
AT1G29860,AT1G70140,1
AT1G29860,AT5G55130,1
AT1G29860,AT3G09400,1
AT1G29860,AT1G14820,1
AT1G29860,AT2G30840,1
AT1G29860,AT1G51860,1
AT1G29860,AT4G12020,1
AT1G29860,AT3G06880,1
AT1G29860,AT4G25880,1
AT1G29860,AT4G32360,1
AT1G29860,AT4G30640,1
AT1G29860,AT4G08980,1
AT2G03340,AT5G12130,1
AT2G03340,AT3G17920,1
AT2G03340,AT4G33540,1
AT2G03340,AT2G45500,1
AT2G03340,AT1G30540,1
AT2G03340,AT3G12050,1
AT2G03340,AT2G30840,1
AT2G03340,AT4G08620,1
AT2G03340,AT1G25682,1
AT2G03340,AT3G12020,1
AT2G03340,AT1G78240,1
AT2G03340,AT5G58720,1
AT2G03340,AT1G65486,1
AT2G03340,AT1G70140,1
AT2G03340,AT5G55130,1
AT2G03340,AT1G14820,1
AT2G03340,AT3G49410,1
AT2G03340,AT1G51860,1
AT2G03340,AT3G07320,1
AT2G03340,AT4G12020,1
AT2G03340,AT4G32360,1
AT2G03340,AT5G14220,1
AT2G03340,AT4G20000,1
AT2G03340,AT1G56300,1
AT2G03340,AT4G36105,1
AT2G03340,AT3G25510,1
AT2G03340,AT5G54170,1
AT2G23320,AT5G12130,1
AT2G23320,AT4G33540,1
AT2G23320,AT2G45500,1
AT2G23320,AT1G30540,1
AT2G23320,AT3G12050,1
AT2G23320,AT2G30840,1
AT2G23320,AT1G67490,1
AT2G23320,AT4G08620,1
AT2G23320,AT1G25682,1
AT2G23320,AT1G78240,1
AT2G23320,AT5G58720,1
AT2G23320,AT3G58620,1
AT2G23320,AT1G65486,1
AT2G23320,AT1G70140,1
AT2G23320,AT5G55130,1
AT2G23320,AT1G14820,1
AT2G23320,AT3G09400,1
AT2G23320,AT3G12020,1
AT2G23320,AT1G51860,1
AT2G23320,AT4G12020,1
AT2G23320,AT4G32360,1
AT2G23320,AT2G45670,1
AT2G23320,AT4G00620,1
AT2G23320,AT5G14220,1
AT2G23320,AT3G57645,1
AT2G23320,AT4G30640,1
AT2G23320,AT4G08980,1
AT2G30250,AT5G12130,1
AT2G30250,AT3G17920,1
AT2G30250,AT4G33540,1
AT2G30250,AT1G70140,1
AT2G30250,AT1G25682,1
AT2G30250,AT5G58720,1
AT2G30250,AT3G54750,1
AT2G30250,AT1G65486,1
AT2G30250,AT5G55130,1
AT2G30250,AT1G14820,1
AT2G30250,AT3G49410,1
AT2G30250,AT2G45670,1
AT2G30250,AT1G80130,1
AT2G30250,AT1G51860,1
AT2G30250,AT3G07320,1
AT2G30250,AT4G20000,1
AT2G30250,AT4G32360,1
AT2G30250,AT4G00620,1
AT2G30250,AT5G14220,1
AT2G30250,AT1G56300,1
AT2G30250,AT2G28760,1
AT2G30250,AT4G36105,1
AT2G30250,AT4G12020,1
AT2G30250,AT4G08980,1
AT2G38470,AT5G12130,1
AT2G38470,AT3G17920,1
AT2G38470,AT4G33540,1
AT2G38470,AT2G45500,1
AT2G38470,AT1G30540,1
AT2G38470,AT2G30840,1
AT2G38470,AT1G67490,1
AT2G38470,AT4G08620,1
AT2G38470,AT1G25682,1
AT2G38470,AT1G78240,1
AT2G38470,AT5G58720,1
AT2G38470,AT1G65486,1
AT2G38470,AT1G70140,1
AT2G38470,AT5G55130,1
AT2G38470,AT1G14820,1
AT2G38470,AT3G12020,1
AT2G38470,AT1G51860,1
AT2G38470,AT4G12020,1
AT2G38470,AT4G20000,1
AT2G38470,AT4G32360,1
AT2G38470,AT2G45670,1
AT2G38470,AT1G56300,1
AT2G38470,AT4G36105,1
AT2G38470,AT5G54170,1
AT4G23550,AT5G12130,1
AT4G23550,AT4G33540,1
AT4G23550,AT2G45500,1
AT4G23550,AT1G30540,1
AT4G23550,AT3G12050,1
AT4G23550,AT2G30840,1
AT4G23550,AT1G67490,1
AT4G23550,AT5G19210,1
AT4G23550,AT4G08620,1
AT4G23550,AT3G12020,1
AT4G23550,AT1G78240,1
AT4G23550,AT5G58720,1
AT4G23550,AT4G08980,1
AT4G23550,AT1G70140,1
AT4G23550,AT5G55130,1
AT4G23550,AT1G14820,1
AT4G23550,AT3G09400,1
AT4G23550,AT3G01760,1
AT4G23550,AT1G51860,1
AT4G23550,AT4G12020,1
AT4G23550,AT4G32360,1
AT4G23550,AT3G06880,1
AT4G23550,AT1G65486,1
AT4G23550,AT3G57645,1
AT4G23550,AT4G00620,1
AT4G23550,AT4G30640,1
AT4G23550,AT1G65481,1
AT3G23240,AT1G04635,1
AT3G23240,AT1G15820,1
AT3G23240,AT1G16730,1
AT3G23240,AT1G31835,1
AT3G23240,AT1G49975,1
AT3G23240,AT1G55810,1
AT3G23240,AT1G75340,1
AT3G23240,AT2G14530,1
AT3G23240,AT2G31800,1
AT3G23240,AT3G04720,1
AT3G23240,AT3G18740,1
AT3G23240,AT3G22100,1
AT3G23240,AT3G45880,1
AT3G23240,AT3G62800,1
AT3G23240,AT4G04790,1
AT3G23240,AT4G27490,1
AT3G23240,AT5G01175,1
AT3G23240,AT5G05670,1
AT3G23240,AT5G08040,1
AT3G23240,AT5G19890,1
AT3G23240,AT5G49840,1
AT3G23240,AT5G53460,1
AT3G59060,AT4G33990,1
AT3G59060,AT5G04090,1
AT5G38860,AT1G02840,1
AT5G38860,AT1G03630,1
AT5G38860,AT1G08170,1
AT5G38860,AT1G08450,1
AT5G38860,AT1G15750,1
AT5G38860,AT1G16730,1
AT5G38860,AT1G16850,1
AT5G38860,AT1G21920,1
AT5G38860,AT1G22180,1
AT5G38860,AT1G30300,1
AT5G38860,AT1G31420,1
AT5G38860,AT1G50450,1
AT5G38860,AT1G52450,1
AT5G38860,AT1G52510,1
AT5G38860,AT1G60600,1
AT5G38860,AT1G69480,1
AT5G38860,AT1G70090,1
AT5G38860,AT1G72820,1
AT5G38860,AT1G75190,1
AT5G38860,AT1G79660,1
AT5G38860,AT2G01430,1
AT5G38860,AT2G04270,1
AT5G38860,AT2G20610,1
AT5G38860,AT2G23348,1
AT5G38860,AT2G25460,1
AT5G38860,AT2G28490,1
AT5G38860,AT2G36270,1
AT5G38860,AT2G38025,1
AT5G38860,AT2G42260,1
AT5G38860,AT2G42640,1
AT5G38860,AT2G47920,1
AT5G38860,AT3G01990,1
AT5G38860,AT3G02550,1
AT5G38860,AT3G04240,1
AT5G38860,AT3G08500,1
AT5G38860,AT3G16000,1
AT5G38860,AT3G46920,1
AT5G38860,AT3G48990,1
AT5G38860,AT3G50750,1
AT5G38860,AT3G51830,1
AT5G38860,AT3G53470,1
AT5G38860,AT3G54500,1
AT5G38860,AT3G56010,1
AT5G38860,AT3G57880,1
AT5G38860,AT3G62260,1
AT5G38860,AT3G63160,1
AT5G38860,AT4G00310,1
AT5G38860,AT4G16370,1
AT5G38860,AT4G18240,1
AT5G38860,AT4G18370,1
AT5G38860,AT4G25140,1
AT5G38860,AT4G36930,1
AT5G38860,AT4G37480,1
AT5G38860,AT4G38950,1
AT5G38860,AT5G03204,1
AT5G38860,AT5G05250,1
AT5G38860,AT5G05660,1
AT5G38860,AT5G05965,1
AT5G38860,AT5G12840,1
AT5G38860,AT5G16800,1
AT5G38860,AT5G26600,1
AT5G38860,AT5G47900,1
AT5G38860,AT5G48655,1
AT5G38860,AT5G49430,1
AT5G38860,AT5G54930,1
AT5G38860,AT5G57015,1
AT5G38860,AT5G59430,1
AT5G38860,AT5G60590,1
AT5G38860,AT5G66620,1
AT2G44840,AT1G02860,1
AT2G44840,AT1G04635,1
AT2G44840,AT1G06160,1
AT2G44840,AT1G19740,1
AT2G44840,AT1G28370,1
AT2G44840,AT1G31835,1
AT2G44840,AT1G60850,1
AT2G44840,AT1G64160,1
AT2G44840,AT1G75340,1
AT2G44840,AT2G21960,1
AT2G44840,AT2G23760,1
AT2G44840,AT2G24500,1
AT2G44840,AT2G30870,1
AT2G44840,AT2G31800,1
AT2G44840,AT3G04720,1
AT2G44840,AT5G55580,1
AT2G44840,AT3G22100,1
AT2G44840,AT3G58480,1
AT2G44840,AT4G04790,1
AT2G44840,AT4G17760,1
AT2G44840,AT5G07100,1
AT2G44840,AT5G08040,1
AT2G44840,AT5G09690,1
AT2G44840,AT4G19020,1
AT2G44840,AT5G48240,1
AT2G44840,AT5G53460,1
AT2G44840,AT5G54940,1
AT2G44840,AT5G55620,1
AT2G44840,AT5G57510,1
AT2G44840,AT5G59070,1
AT2G44840,AT5G61770,1
AT2G44840,AT5G63440,1
AT3G09600,AT3G01380,1
AT3G09600,AT4G24470,1
AT3G09600,AT1G01550,1
AT3G09600,AT3G01540,1
AT3G09600,AT5G62300,1
AT3G09600,AT3G55070,1
AT3G09600,AT3G57390,1
AT3G09600,AT1G78070,1
AT3G09600,AT4G39260,1
AT3G09600,AT1G14685,1
AT3G09600,AT4G33300,1
AT5G17300,AT5G33290,1
AT5G17300,AT1G69587,1
AT5G17300,AT5G07450,1
AT5G17300,AT4G30650,1
AT5G17300,AT1G65481,1
AT5G17300,AT1G65700,1
AT5G17300,AT5G62310,1
AT5G17300,AT1G71000,1
AT5G17300,AT1G02820,1
AT5G17300,AT3G12570,1
AT5G17300,AT1G72070,1
AT5G17300,AT5G26040,1
AT5G17300,AT5G28080,1
AT5G17300,AT1G48700,1
AT5G17300,AT1G45474,1
AT5G17300,AT1G10760,1
AT5G17300,AT1G23540,1
AT5G17300,AT2G14060,1
AT5G17300,AT3G09540,1
AT5G17300,AT3G27809,1
AT5G17300,AT4G27310,1
AT5G17300,AT1G30135,1
AT5G17300,AT3G44860,1
AT5G17300,AT5G15190,1
AT5G17300,AT5G61590,1
AT1G12630,AT1G12500,1
AT1G12630,AT1G31360,1
AT1G12630,AT1G76960,1
AT1G12630,AT2G25737,1
AT1G12630,AT2G35930,1
AT1G12630,AT2G41870,1
AT1G12630,AT2G42320,1
AT1G12630,AT2G42520,1
AT1G12630,AT2G45460,1
AT1G12630,AT2G47070,1
AT1G12630,AT3G01930,1
AT1G12630,AT3G12490,1
AT1G12630,AT3G15370,1
AT1G12630,AT3G62800,1
AT1G12630,AT4G08980,1
AT1G12630,AT4G13110,1
AT1G12630,AT4G17760,1
AT1G12630,AT4G21150,1
AT1G12630,AT5G01175,1
AT1G12630,AT5G07890,1
AT1G12630,AT5G53860,1
AT1G12630,AT5G59070,1
AT4G34410,AT1G08500,1
AT4G34410,AT1G13800,1
AT4G34410,AT1G52890,1
AT4G34410,AT1G53780,1
AT4G34410,AT1G56180,1
AT4G34410,AT2G22250,1
AT4G34410,AT2G47090,1
AT4G34410,AT3G09660,1
AT4G34410,AT3G10680,1
AT4G34410,AT3G26630,1
AT4G34410,AT3G55720,1
AT4G34410,AT3G56860,1
AT4G34410,AT3G57570,1
AT4G34410,AT3G60900,1
AT4G34410,AT3G63400,1
AT4G34410,AT4G34090,1
AT4G34410,AT5G06120,1
AT4G34410,AT5G15190,1
AT4G34410,AT5G27390,1
AT4G34410,AT5G42770,1
AT4G34410,AT1G10320,1
AT4G34410,AT5G49700,1
AT1G09530,AT3G27950,1
AT1G09530,AT5G04090,1
AT1G09530,AT3G27210,1
AT1G09530,AT3G48260,1
AT1G09530,AT3G54760,1
AT1G09530,AT2G02410,1
AT1G09530,AT2G14170,1
AT1G09530,AT2G18090,1
AT1G09530,AT4G24100,1
AT1G09530,AT1G25375,1
AT1G09530,AT4G25450,1
AT1G09530,AT1G30300,1
AT1G09530,AT5G04460,1
AT1G09530,AT3G32030,1
AT1G09530,AT1G50440,1
AT1G09530,AT1G56180,1
AT1G09530,AT1G11720,1
AT1G09530,AT3G46930,1
AT1G09530,AT3G59730,1
AT1G09530,AT1G64640,1
AT1G09530,AT2G38025,1
AT1G09530,AT3G13870,1
AT1G09530,AT1G14345,1
AT1G09530,AT3G53040,1
AT1G09530,AT5G65090,1
AT1G09530,AT5G49430,1
AT1G09530,AT4G28240,1
AT1G09530,AT2G36895,1
AT1G09530,AT2G45170,1
AT1G09530,AT2G46790,1
AT1G09530,AT4G23910,1
AT1G09530,AT5G11420,1
AT1G09530,AT5G42290,1
AT1G09530,AT2G46910,1
AT1G09530,AT1G18460,1
AT1G09530,AT3G12600,1
AT1G09530,AT2G33800,1
AT1G09530,AT3G16000,1
AT1G09530,AT3G61470,1
AT1G09530,AT4G12790,1
AT1G09530,AT3G57470,1
AT1G09530,AT2G36960,1
AT4G36900,AT2G01420,1
AT4G36900,AT5G09690,1
AT4G36900,AT3G53270,1
AT4G36900,AT3G18740,1
AT4G36900,AT1G13390,1
AT4G36900,AT4G25710,1
AT4G36900,AT3G45880,1
AT4G36900,AT5G48240,1
AT4G36900,AT4G35450,1
AT4G36900,AT5G58980,1
AT4G36900,AT2G43410,1
AT4G36900,AT3G27930,1
AT4G36900,AT2G41180,1
AT4G36900,AT1G21610,1
AT4G36900,AT2G36990,1
AT4G36900,AT1G01100,1
AT4G36900,AT5G53300,1
AT4G36900,AT1G78790,1
AT4G36900,AT3G14080,1
AT4G36900,AT5G10710,1
AT4G36900,AT5G65740,1
AT4G36900,AT4G31530,1
AT4G36900,AT5G38220,1
AT4G36900,AT2G33240,1
AT4G36900,AT3G23600,1
AT4G36900,AT2G17670,1
AT4G36900,AT1G60200,1
AT4G36900,AT1G06320,1
AT4G36900,AT5G01175,1
AT4G36900,AT3G01065,1
AT4G36900,AT5G20920,1
AT4G36900,AT1G25375,1
AT4G36900,AT3G14120,1
AT4G36900,AT5G47690,1
AT1G36060,AT1G29290,1
AT1G36060,AT5G22680,1
AT1G36060,AT1G61340,1
AT1G36060,AT4G24370,1
AT1G36060,AT1G79790,1
AT1G36060,AT1G74950,1
AT1G36060,AT2G02860,1
AT1G36060,AT2G20370,1
AT1G36060,AT2G26690,1
AT1G36060,AT2G38360,1
AT1G36060,AT1G71850,1
AT1G36060,AT3G10060,1
AT1G36060,AT3G10680,1
AT1G36060,AT3G13870,1
AT1G36060,AT3G25900,1
AT1G36060,AT4G16520,1
AT1G36060,AT4G03540,1
AT1G36060,AT4G06746,1
AT1G36060,AT4G18030,1
AT1G36060,AT4G25520,1
AT1G36060,AT4G33220,1
AT1G36060,AT4G35720,1
AT1G36060,AT5G01175,1
AT1G36060,AT5G15070,1
AT1G36060,AT1G56180,1
AT1G36060,AT5G16650,1
AT1G36060,AT1G52710,1
AT5G67190,AT1G05860,1
AT5G67190,AT1G08840,1
AT5G67190,AT1G25145,1
AT5G67190,AT5G61350,1
AT5G67190,AT5G18190,1
AT5G67190,AT1G74370,1
AT5G67190,AT1G76320,1
AT5G67190,AT1G76960,1
AT5G67190,AT5G42630,1
AT5G67190,AT2G31920,1
AT5G67190,AT2G35930,1
AT5G67190,AT2G42320,1
AT5G67190,AT2G45460,1
AT5G67190,AT3G01930,1
AT5G67190,AT3G23090,1
AT5G67190,AT3G57780,1
AT5G67190,AT4G08980,1
AT5G67190,AT4G13110,1
AT5G67190,AT4G21150,1
AT5G67190,AT4G24250,1
AT5G67190,AT4G28140,1
AT5G67190,AT4G33467,1
AT5G67190,AT5G01175,1
AT5G67190,AT5G24340,1
AT5G67190,AT5G27390,1
AT5G67190,AT5G44160,1
AT5G67190,AT3G21755,1
AT5G67190,AT5G58140,1
AT5G67190,AT5G59070,1
AT5G67190,AT5G60590,1
AT5G67190,AT5G67300,1
AT4G26640,AT1G03410,1
AT4G26640,AT1G11925,1
AT4G26640,AT3G20935,1
AT4G26640,AT1G72280,1
AT4G26640,AT2G01990,1
AT4G26640,AT2G03590,1
AT4G26640,AT5G48290,1
AT4G26640,AT1G03370,1
AT4G26640,AT2G40180,1
AT4G26640,AT4G15070,1
AT4G26640,AT3G12250,1
AT4G26640,AT3G60250,1
AT4G26640,AT3G62120,1
AT4G26640,AT5G53050,1
AT4G26640,AT4G20930,1
AT4G26640,AT4G21410,1
AT4G26640,AT4G23460,1
AT4G26640,AT4G23740,1
AT4G26640,AT4G25390,1
AT4G26640,AT3G55740,1
AT4G26640,AT5G44400,1
AT4G26640,AT3G01730,1
AT4G26640,AT5G66270,1
AT4G04450,AT1G03410,1
AT4G04450,AT1G48370,1
AT4G04450,AT1G52200,1
AT4G04450,AT1G72280,1
AT4G04450,AT2G03590,1
AT4G04450,AT2G37430,1
AT4G04450,AT2G37585,1
AT4G04450,AT2G40180,1
AT4G04450,AT3G62120,1
AT4G04450,AT4G16563,1
AT4G04450,AT4G21410,1
AT4G04450,AT4G21990,1
AT4G04450,AT4G23740,1
AT4G04450,AT5G07370,1
AT3G57600,AT1G03470,1
AT3G57600,AT4G27050,1
AT3G57600,AT3G21755,1
AT3G57600,AT3G07215,1
AT3G57600,AT1G05860,1
AT3G57600,AT2G21300,1
AT3G57600,AT4G37520,1
AT3G57600,AT3G50350,1
AT3G57600,AT1G19150,1
AT3G57600,AT4G05390,1
AT3G57600,AT2G20250,1
AT3G57600,AT3G52070,1
AT3G57600,AT2G47180,1
AT3G57600,AT4G28260,1
AT3G57600,AT5G18790,1
AT3G57600,AT3G45880,1
AT3G57600,AT1G52510,1
AT3G57600,AT4G32350,1
AT3G57600,AT1G55810,1
AT3G57600,AT5G32450,1
AT3G57600,AT3G23600,1
AT3G57600,AT4G00080,1
AT3G57600,AT5G47650,1
AT3G57600,AT4G31530,1
AT3G57600,AT1G31050,1
AT3G57600,AT3G63120,1
AT3G57600,AT4G28660,1
AT3G57600,AT5G55580,1
AT3G57600,AT3G44190,1
AT3G57600,AT1G33415,1
AT3G57600,AT5G37850,1
AT3G57600,AT3G58110,1
AT3G57600,AT5G49840,1
AT3G57600,AT1G23950,1
AT3G57600,AT5G09740,1
AT3G57600,AT1G74370,1
AT3G57600,AT1G75830,1
AT3G57600,AT5G05420,1
AT3G57600,AT4G25710,1
AT3G57600,AT1G78070,1
AT3G57600,AT4G24250,1
AT3G57600,AT3G08520,1
AT3G57600,AT3G58660,1
AT3G57600,AT1G61010,1
AT3G57600,AT3G28875,1
AT3G57600,AT5G45340,1
AT3G57600,AT1G77122,1
AT3G57600,AT2G01918,1
AT3G57600,AT3G53180,1
AT3G57600,AT4G32900,1
AT3G57600,AT2G20815,1
AT3G57600,AT5G60590,1
AT3G57600,AT3G62800,1
AT3G57600,AT3G07530,1
AT3G57600,AT1G80480,1
AT3G57600,AT1G21610,1
AT3G57600,AT3G17470,1
AT3G57600,AT5G50240,1
AT3G57600,AT4G21150,1
AT3G57600,AT4G33700,1
AT3G57600,AT5G23120,1
AT3G57600,AT5G05670,1
AT3G57600,AT5G01175,1
AT3G57600,AT5G42630,1
AT3G57600,AT3G61680,1
AT3G57600,AT5G47820,1
AT3G57600,AT5G06980,1
AT3G57600,AT5G53860,1
AT3G57600,AT1G43560,1
AT3G57600,AT1G33500,1
AT3G57600,AT5G57390,1
AT3G57600,AT5G62950,1
AT1G06160,AT2G35600,1
AT1G06160,AT5G09690,1
AT1G06160,AT3G07530,1
AT1G06160,AT3G09600,1
AT1G06160,AT2G39800,1
AT1G06160,AT3G13225,1
AT1G06160,AT3G01910,1
AT1G06160,AT4G02570,1
AT1G06160,AT3G17300,1
AT2G43010,AT5G14420,1
AT2G43010,AT5G04090,1
AT2G43010,AT1G59660,1
AT2G43010,AT2G45990,1
AT2G43010,AT1G78900,1
AT2G43010,AT5G60590,1
AT2G43010,AT5G42290,1
AT2G43010,AT4G20230,1
AT2G43010,AT4G33990,1
AT2G43010,AT3G11930,1
AT5G58900,AT1G03620,1
AT5G58900,AT1G20350,1
AT5G58900,AT2G05310,1
AT5G58900,AT2G36320,1
AT5G58900,AT3G06070,1
AT5G58900,AT2G24550,1
AT5G58900,AT3G29410,1
AT5G58900,AT5G01530,1
AT5G58900,AT5G10710,1
AT5G58900,AT3G05900,1
AT5G58900,AT5G61590,1
AT1G75490,AT1G03840,1
AT1G75490,AT1G04635,1
AT1G75490,AT1G08840,1
AT1G75490,AT1G14030,1
AT1G75490,AT1G25145,1
AT1G75490,AT5G61350,1
AT1G75490,AT1G52510,1
AT1G75490,AT1G55810,1
AT1G75490,AT4G14870,1
AT1G75490,AT1G76960,1
AT1G75490,AT1G64940,1
AT1G75490,AT4G35685,1
AT1G75490,AT2G31920,1
AT1G75490,AT3G52070,1
AT1G75490,AT2G35140,1
AT1G75490,AT2G41950,1
AT1G75490,AT2G42320,1
AT1G75490,AT3G01930,1
AT1G75490,AT3G18040,1
AT1G75490,AT5G18190,1
AT1G75490,AT3G05858,1
AT1G75490,AT1G27470,1
AT1G75490,AT3G07215,1
AT1G75490,AT5G42630,1
AT1G75490,AT3G18000,1
AT1G75490,AT4G32350,1
AT1G75490,AT3G21755,1
AT1G75490,AT4G37520,1
AT1G75490,AT4G00040,1
AT1G75490,AT4G21150,1
AT1G75490,AT4G23320,1
AT1G75490,AT4G24250,1
AT1G75490,AT4G27050,1
AT1G75490,AT4G27490,1
AT1G75490,AT4G28800,1
AT1G75490,AT4G30845,1
AT1G75490,AT4G31150,1
AT1G75490,AT4G33467,1
AT1G75490,AT4G36810,1
AT1G75490,AT4G37380,1
AT1G75490,AT4G38260,1
AT1G75490,AT5G01175,1
AT1G75490,AT5G06980,1
AT1G75490,AT5G18550,1
AT1G75490,AT5G23120,1
AT1G75490,AT5G27390,1
AT1G75490,AT1G03250,1
AT1G75490,AT5G44160,1
AT1G75490,AT5G53660,1
AT1G75490,AT5G53860,1
AT1G75490,AT5G55580,1
AT1G75490,AT5G58140,1
AT1G75490,AT5G58250,1
AT1G75490,AT5G59070,1
AT1G75490,AT5G59750,1
AT1G75490,AT5G67190,1
AT1G75490,AT5G67300,1
AT2G42280,AT1G24280,1
AT2G42280,AT4G05320,1
AT2G42280,AT3G50350,1
AT2G42280,AT5G57870,1
AT2G42280,AT3G59850,1
AT2G42280,AT5G41780,1
AT2G42280,AT2G20585,1
AT2G42280,AT5G58540,1
AT2G42280,AT5G19970,1
AT2G42280,AT2G40810,1
AT2G42280,AT4G21870,1
AT2G42280,AT1G75830,1
AT2G42280,AT3G50230,1
AT2G42280,AT1G16635,1
AT2G42280,AT1G15340,1
AT2G42280,AT4G15236,1
AT5G52020,AT1G64105,1
AT5G52020,AT4G36350,1
AT5G52020,AT2G37260,1
AT5G52020,AT3G01810,1
AT5G52020,AT3G06770,1
AT5G52020,AT3G25440,1
AT5G52020,AT3G61260,1
AT5G52020,AT4G18030,1
AT5G52020,AT5G01780,1
AT5G52020,AT5G49215,1
AT2G18300,AT1G14580,1
AT2G18300,AT3G50750,1
AT2G18300,AT1G31420,1
AT2G18300,AT1G20515,1
AT2G18300,AT5G52210,1
AT2G18300,AT3G12210,1
AT2G18300,AT1G70270,1
AT2G18300,AT2G38025,1
AT2G18300,AT1G47990,1
AT2G18300,AT1G52510,1
AT2G18300,AT1G52720,1
AT2G18300,AT1G60790,1
AT2G18300,AT5G67410,1
AT2G18300,AT1G70090,1
AT2G18300,AT1G72990,1
AT2G18300,AT1G14345,1
AT2G18300,AT1G76240,1
AT2G18300,AT5G16800,1
AT2G18300,AT2G04270,1
AT2G18300,AT2G20610,1
AT2G18300,AT2G28490,1
AT2G18300,AT3G58120,1
AT2G18300,AT3G58640,1
AT2G18300,AT3G01990,1
AT2G18300,AT3G11410,1
AT2G18300,AT3G17860,1
AT2G18300,AT3G54500,1
AT2G18300,AT3G49630,1
AT2G18300,AT3G23220,1
AT2G18300,AT3G54460,1
AT2G18300,AT3G45230,1
AT2G18300,AT4G04930,1
AT2G18300,AT4G16370,1
AT2G18300,AT3G61470,1
AT2G18300,AT2G28250,1
AT2G18300,AT5G16150,1
AT2G18300,AT5G17240,1
AT2G18300,AT5G47220,1
AT2G18300,AT5G47900,1
AT2G18300,AT5G49430,1
AT2G18300,AT5G64710,1
AT1G01260,AT2G38025,1
AT1G01260,AT5G10290,1
AT1G01260,AT3G07030,1
AT1G69310,AT5G66530,1
AT1G69310,AT4G32360,1
AT1G69310,AT4G36105,1
AT1G69310,AT3G05420,1
AT1G69310,AT1G56180,1
AT1G69310,AT5G14220,1
AT1G69310,AT2G45500,1
AT1G69310,AT5G25910,1
AT1G69310,AT3G49410,1
AT1G69310,AT1G25682,1
AT1G69310,AT5G36120,1
AT1G69310,AT1G76900,1
AT1G69310,AT5G28830,1
AT1G69310,AT2G45670,1
AT1G69310,AT5G43440,1
AT1G69310,AT5G48175,1
AT1G69310,AT4G10500,1
AT1G69310,AT5G11970,1
AT4G01280,AT5G17920,1
AT4G01280,AT3G27325,1
AT4G01280,AT3G55070,1
AT4G01280,AT3G57390,1
AT4G01280,AT3G01380,1
AT5G52660,AT5G17920,1
AT5G52660,AT3G27325,1
AT5G52660,AT3G55070,1
AT5G52660,AT3G57390,1
AT5G52660,AT4G33300,1
AT5G52660,AT1G78070,1
AT5G52660,AT1G27500,1
AT4G14410,AT2G28250,1
AT4G14410,AT5G65140,1
AT4G14410,AT5G64940,1
AT4G14410,AT3G54440,1
AT4G14410,AT3G48260,1
AT4G14410,AT1G78900,1
AT4G14410,AT1G30300,1
AT4G14410,AT1G79090,1
AT4G14410,AT1G25220,1
AT4G14410,AT5G61910,1
AT4G14410,AT1G52510,1
AT4G14410,AT5G49430,1
AT4G14410,AT4G36620,1
AT4G14410,AT2G38025,1
AT4G14410,AT1G31420,1
AT4G14410,AT3G01990,1
AT4G14410,AT3G07255,1
AT4G14410,AT2G36960,1
AT4G14410,AT3G11930,1
AT4G14410,AT5G45340,1
AT4G14410,AT4G25520,1
AT4G14410,AT3G57930,1
AT4G14410,AT3G57940,1
AT4G14410,AT1G50440,1
AT4G14410,AT5G66880,1
AT4G14410,AT3G46920,1
AT4G14410,AT1G20870,1
AT4G14410,AT1G03840,1
AT4G14410,AT4G38260,1
AT4G14410,AT5G60590,1
AT4G14410,AT3G02980,1
AT4G14410,AT5G16800,1
AT4G14410,AT3G04370,1
AT4G14410,AT5G10290,1
AT4G14410,AT5G16410,1
AT4G14410,AT5G50360,1
AT4G14410,AT1G22380,1
AT4G23750,AT3G14120,1
AT4G23750,AT5G50240,1
AT4G23750,AT4G25710,1
AT4G23750,AT1G63350,1
AT4G23750,AT3G45880,1
AT4G23750,AT5G60590,1
AT4G23750,AT5G60580,1
AT4G23750,AT5G62575,1
AT4G23750,AT3G16940,1
AT4G23750,AT2G44180,1
AT3G56400,AT1G14970,1
AT3G56400,AT1G34370,1
AT3G56400,AT2G32700,1
AT3G56400,AT1G48370,1
AT3G56400,AT1G10920,1
AT3G56400,AT3G56410,1
AT3G56400,AT3G20935,1
AT3G56400,AT3G62830,1
AT3G56400,AT5G63180,1
AT3G56400,AT2G03590,1
AT3G56400,AT3G06140,1
AT3G56400,AT4G15070,1
AT3G56400,AT5G14030,1
AT3G56400,AT2G02860,1
AT3G56400,AT3G62120,1
AT3G56400,AT4G16563,1
AT3G56400,AT5G53050,1
AT3G56400,AT4G29170,1
AT3G56400,AT1G63860,1
AT3G56400,AT3G01730,1
AT5G24110,AT4G32360,1
AT5G24110,AT1G56180,1
AT5G24110,AT4G22980,1
AT5G24110,AT2G45670,1
AT5G24110,AT5G06235,1
AT5G24110,AT3G52105,1
AT5G24110,AT3G58620,1
AT5G24110,AT1G51860,1
AT5G24110,AT2G37920,1
AT5G24110,AT3G49410,1
AT5G24110,AT1G67490,1
AT5G24110,AT5G57230,1
AT5G24110,AT1G76900,1
AT5G24110,AT5G57030,1
AT5G24110,AT3G28480,1
AT5G24110,AT3G50070,1
AT5G24110,AT2G45500,1
AT5G24110,AT5G55130,1
AT5G24110,AT1G56300,1
AT5G24110,AT3G54960,1
AT5G24110,AT4G08980,1
AT5G24110,AT2G39675,1
AT5G24110,AT5G42800,1
AT5G24110,AT5G48175,1
AT5G24110,AT1G59910,1
AT4G36930,AT1G30300,1
AT4G36930,AT3G54760,1
AT4G36930,AT3G57470,1
AT4G36930,AT2G18090,1
AT4G36930,AT4G23910,1
AT4G36930,AT4G33890,1
AT4G36930,AT3G46920,1
AT4G36930,AT2G38025,1
AT4G36930,AT5G40240,1
AT4G36930,AT2G46790,1
AT4G36930,AT2G36960,1
AT4G36930,AT3G01990,1
AT4G36930,AT3G07030,1
AT4G36930,AT3G08840,1
AT4G36930,AT5G63970,1
AT4G31800,AT5G59470,1
AT4G31800,AT1G15540,1
AT4G31800,AT5G03380,1
AT4G31800,AT4G30640,1
AT4G31800,AT1G70140,1
AT4G31800,AT5G58720,1
AT4G31800,AT1G03290,1
AT4G31800,AT1G51860,1
AT4G31800,AT1G25682,1
AT4G31800,AT1G78240,1
AT4G31800,AT1G76900,1
AT4G31800,AT4G12020,1
AT4G31800,AT5G55130,1
AT4G31800,AT3G49410,1
AT4G31800,AT4G33985,1
AT4G31800,AT3G04320,1
AT4G31800,AT5G36120,1
AT4G31800,AT3G07320,1
AT4G31800,AT4G32360,1
AT4G31800,AT5G11970,1
AT4G31800,AT4G00620,1
AT4G31800,AT1G06780,1
AT4G31800,AT1G56300,1
AT4G31800,AT2G45500,1
AT4G31800,AT4G36105,1
AT4G31800,AT3G25510,1
AT5G01900,AT5G45650,1
AT1G62300,AT1G15530,1
AT1G62300,AT1G52200,1
AT1G62300,AT1G73970,1
AT1G62300,AT2G03590,1
AT1G62300,AT3G44735,1
AT1G62300,AT3G60250,1
AT1G62300,AT4G20930,1
AT1G62300,AT4G21410,1
AT1G62300,AT4G25390,1
AT1G62300,AT5G07370,1
AT1G62300,AT5G08310,1
AT1G62300,AT5G55130,1
AT1G12610,AT2G28900,1
AT1G12610,AT3G54400,1
AT4G00050,AT2G38025,1
AT4G00050,AT3G07030,1
AT4G22070,AT1G15540,1
AT4G22070,AT1G59580,1
AT4G22070,AT1G59910,1
AT4G22070,AT1G67490,1
AT4G22070,AT1G69520,1
AT4G22070,AT1G76900,1
AT4G22070,AT2G34930,1
AT4G22070,AT3G54960,1
AT4G22070,AT4G25380,1
AT4G22070,AT4G27852,1
AT4G22070,AT5G03555,1
AT4G22070,AT5G45670,1
AT4G22070,AT5G60770,1
AT2G46400,AT4G33540,1
AT2G46400,AT2G45500,1
AT2G46400,AT5G60770,1
AT2G46400,AT3G12050,1
AT2G46400,AT1G67490,1
AT2G46400,AT1G56180,1
AT2G46400,AT1G25682,1
AT2G46400,AT5G58720,1
AT2G46400,AT1G76900,1
AT2G46400,AT5G55130,1
AT2G46400,AT1G65486,1
AT2G46400,AT1G14820,1
AT2G46400,AT3G12020,1
AT2G46400,AT1G70140,1
AT2G46400,AT1G51860,1
AT2G46400,AT4G08980,1
AT2G46400,AT2G45670,1
AT2G46400,AT4G12020,1
AT2G46400,AT4G32360,1
AT2G46400,AT3G12040,1
AT2G46400,AT3G57645,1
AT2G46400,AT3G16750,1
AT2G46400,AT1G56300,1
AT2G46400,AT4G00620,1
AT2G46400,AT3G25510,1
AT2G46400,AT3G49410,1
AT2G46400,AT4G16983,1
AT2G46400,AT5G53360,1
AT1G01060,AT5G17920,1
AT1G01060,AT2G43210,1
AT1G70000,AT2G38840,1
AT1G70000,AT4G06676,1
AT1G70000,AT5G66350,1
AT1G70000,AT3G52060,1
AT1G70000,AT3G55480,1
AT1G70000,AT2G33800,1
AT1G70000,AT3G21055,1
AT1G70000,AT2G46200,1
AT1G63030,AT5G49430,1
AT1G49950,AT4G34610,1
AT1G49950,AT4G13330,1
AT1G32640,AT2G38025,1
AT2G46510,AT3G57930,1
AT2G46510,AT4G03280,1